onset	duration	trial_type	sample	stim_file	subject	experiment	session	trial	task	item_name	item_num	recog_conf	resp	color_b	color_g	color_r	case	font
359.976	n/a	SESS_START	179988	n/a	LTP255	ltpFR	0	n/a	n/a	n/a	n/a	n/a	n/a	n/a	n/a	n/a	n/a	n/a
482.002	n/a	WORD	241001	wordpools/wasnorm_wordpool_less_exclusions.txt	LTP255	ltpFR	0	1	-1	OUTFIT	988	n/a	-1	1	1.0	1.0	upper	../fonts/Verdana.ttf
485.916	n/a	WORD	242958	wordpools/wasnorm_wordpool_less_exclusions.txt	LTP255	ltpFR	0	1	-1	QUILT	1151	n/a	-1	1	1.0	1.0	upper	../fonts/Verdana.ttf
489.914	n/a	WORD	244957	wordpools/wasnorm_wordpool_less_exclusions.txt	LTP255	ltpFR	0	1	-1	COFFEE	341	n/a	-1	1	1.0	1.0	upper	../fonts/Verdana.ttf
493.912	n/a	WORD	246956	wordpools/wasnorm_wordpool_less_exclusions.txt	LTP255	ltpFR	0	1	-1	ASIA	46	n/a	-1	1	1.0	1.0	upper	../fonts/Verdana.ttf
497.944	n/a	WORD	248972	wordpools/wasnorm_wordpool_less_exclusions.txt	LTP255	ltpFR	0	1	-1	COUCH	386	n/a	-1	1	1.0	1.0	upper	../fonts/Verdana.ttf
501.91	n/a	WORD	250955	wordpools/wasnorm_wordpool_less_exclusions.txt	LTP255	ltpFR	0	1	-1	DESK	452	n/a	-1	1	1.0	1.0	upper	../fonts/Verdana.ttf
506.11	n/a	WORD	253055	wordpools/wasnorm_wordpool_less_exclusions.txt	LTP255	ltpFR	0	1	-1	FLOOR	581	n/a	-1	1	1.0	1.0	upper	../fonts/Verdana.ttf
510.074	n/a	WORD	255037	wordpools/wasnorm_wordpool_less_exclusions.txt	LTP255	ltpFR	0	1	-1	CROSS	413	n/a	-1	1	1.0	1.0	upper	../fonts/Verdana.ttf
514.022	n/a	WORD	257011	wordpools/wasnorm_wordpool_less_exclusions.txt	LTP255	ltpFR	0	1	-1	LAKE	796	n/a	-1	1	1.0	1.0	upper	../fonts/Verdana.ttf
518.006	n/a	WORD	259003	wordpools/wasnorm_wordpool_less_exclusions.txt	LTP255	ltpFR	0	1	-1	WALL	1582	n/a	-1	1	1.0	1.0	upper	../fonts/Verdana.ttf
521.87	n/a	WORD	260935	wordpools/wasnorm_wordpool_less_exclusions.txt	LTP255	ltpFR	0	1	-1	ABDOMEN	1	n/a	-1	1	1.0	1.0	upper	../fonts/Verdana.ttf
525.802	n/a	WORD	262901	wordpools/wasnorm_wordpool_less_exclusions.txt	LTP255	ltpFR	0	1	-1	BUCKET	184	n/a	-1	1	1.0	1.0	upper	../fonts/Verdana.ttf
529.95	n/a	WORD	264975	wordpools/wasnorm_wordpool_less_exclusions.txt	LTP255	ltpFR	0	1	-1	COUGAR	387	n/a	-1	1	1.0	1.0	upper	../fonts/Verdana.ttf
534.016	n/a	WORD	267008	wordpools/wasnorm_wordpool_less_exclusions.txt	LTP255	ltpFR	0	1	-1	WHISKERS	1605	n/a	-1	1	1.0	1.0	upper	../fonts/Verdana.ttf
538.216	n/a	WORD	269108	wordpools/wasnorm_wordpool_less_exclusions.txt	LTP255	ltpFR	0	1	-1	CATCHER	258	n/a	-1	1	1.0	1.0	upper	../fonts/Verdana.ttf
542.18	n/a	WORD	271090	wordpools/wasnorm_wordpool_less_exclusions.txt	LTP255	ltpFR	0	1	-1	CATERPILLAR	259	n/a	-1	1	1.0	1.0	upper	../fonts/Verdana.ttf
548.254	n/a	REC_START	274127	n/a	LTP255	ltpFR	0	1	n/a	n/a	n/a	n/a	n/a	n/a	n/a	n/a	n/a	n/a
549.196	n/a	REC_WORD	274598	wordpools/wasnorm_wordpool_less_exclusions.txt	LTP255	ltpFR	0	1	-1	ABDOMEN	1	n/a	-1	n/a	n/a	n/a	n/a	n/a
550.402	n/a	REC_WORD	275201	wordpools/wasnorm_wordpool_less_exclusions.txt	LTP255	ltpFR	0	1	-1	LAKE	796	n/a	-1	n/a	n/a	n/a	n/a	n/a
551.62	n/a	REC_WORD	275810	wordpools/wasnorm_wordpool_less_exclusions.txt	LTP255	ltpFR	0	1	-1	COUGAR	387	n/a	-1	n/a	n/a	n/a	n/a	n/a
552.814	n/a	REC_WORD	276407	wordpools/wasnorm_wordpool_less_exclusions.txt	LTP255	ltpFR	0	1	-1	CATERPILLAR	259	n/a	-1	n/a	n/a	n/a	n/a	n/a
554.246	n/a	REC_WORD	277123	wordpools/wasnorm_wordpool_less_exclusions.txt	LTP255	ltpFR	0	1	-1	ASIA	46	n/a	-1	n/a	n/a	n/a	n/a	n/a
555.5	n/a	REC_WORD	277750	wordpools/wasnorm_wordpool_less_exclusions.txt	LTP255	ltpFR	0	1	-1	OUTFIT	988	n/a	-1	n/a	n/a	n/a	n/a	n/a
556.66	n/a	REC_WORD	278330	wordpools/wasnorm_wordpool_less_exclusions.txt	LTP255	ltpFR	0	1	-1	COUCH	386	n/a	-1	n/a	n/a	n/a	n/a	n/a
557.994	n/a	REC_WORD	278997	wordpools/wasnorm_wordpool_less_exclusions.txt	LTP255	ltpFR	0	1	-1	DESK	452	n/a	-1	n/a	n/a	n/a	n/a	n/a
559.15	n/a	REC_WORD	279575	wordpools/wasnorm_wordpool_less_exclusions.txt	LTP255	ltpFR	0	1	-1	QUILT	1151	n/a	-1	n/a	n/a	n/a	n/a	n/a
560.422	n/a	REC_WORD	280211	wordpools/wasnorm_wordpool_less_exclusions.txt	LTP255	ltpFR	0	1	-1	COFFEE	341	n/a	-1	n/a	n/a	n/a	n/a	n/a
565.48	n/a	REC_WORD	282740	wordpools/wasnorm_wordpool_less_exclusions.txt	LTP255	ltpFR	0	1	-1	CROSS	413	n/a	-1	n/a	n/a	n/a	n/a	n/a
577.472	n/a	REC_WORD	288736	wordpools/wasnorm_wordpool_less_exclusions.txt	LTP255	ltpFR	0	1	-1	LAKE	796	n/a	-1	n/a	n/a	n/a	n/a	n/a
632.528	n/a	WORD	316264	wordpools/wasnorm_wordpool_less_exclusions.txt	LTP255	ltpFR	0	2	-1	SAXOPHONE	1240	n/a	-1	1	1.0	1.0	upper	../fonts/Verdana.ttf
636.442	n/a	WORD	318221	wordpools/wasnorm_wordpool_less_exclusions.txt	LTP255	ltpFR	0	2	-1	CONDUCTOR	362	n/a	-1	1	1.0	1.0	upper	../fonts/Verdana.ttf
640.556	n/a	WORD	320278	wordpools/wasnorm_wordpool_less_exclusions.txt	LTP255	ltpFR	0	2	-1	CONSOLE	364	n/a	-1	1	1.0	1.0	upper	../fonts/Verdana.ttf
644.622	n/a	WORD	322311	wordpools/wasnorm_wordpool_less_exclusions.txt	LTP255	ltpFR	0	2	-1	CART	250	n/a	-1	1	1.0	1.0	upper	../fonts/Verdana.ttf
648.654	n/a	WORD	324327	wordpools/wasnorm_wordpool_less_exclusions.txt	LTP255	ltpFR	0	2	-1	CONCERT	360	n/a	-1	1	1.0	1.0	upper	../fonts/Verdana.ttf
652.654	n/a	WORD	326327	wordpools/wasnorm_wordpool_less_exclusions.txt	LTP255	ltpFR	0	2	-1	FIDDLE	561	n/a	-1	1	1.0	1.0	upper	../fonts/Verdana.ttf
656.518	n/a	WORD	328259	wordpools/wasnorm_wordpool_less_exclusions.txt	LTP255	ltpFR	0	2	-1	ROBIN	1199	n/a	-1	1	1.0	1.0	upper	../fonts/Verdana.ttf
660.518	n/a	WORD	330259	wordpools/wasnorm_wordpool_less_exclusions.txt	LTP255	ltpFR	0	2	-1	GIRL	637	n/a	-1	1	1.0	1.0	upper	../fonts/Verdana.ttf
664.632	n/a	WORD	332316	wordpools/wasnorm_wordpool_less_exclusions.txt	LTP255	ltpFR	0	2	-1	MINT	898	n/a	-1	1	1.0	1.0	upper	../fonts/Verdana.ttf
668.48	n/a	WORD	334240	wordpools/wasnorm_wordpool_less_exclusions.txt	LTP255	ltpFR	0	2	-1	VAMPIRE	1547	n/a	-1	1	1.0	1.0	upper	../fonts/Verdana.ttf
672.346	n/a	WORD	336173	wordpools/wasnorm_wordpool_less_exclusions.txt	LTP255	ltpFR	0	2	-1	PLATE	1086	n/a	-1	1	1.0	1.0	upper	../fonts/Verdana.ttf
676.478	n/a	WORD	338239	wordpools/wasnorm_wordpool_less_exclusions.txt	LTP255	ltpFR	0	2	-1	MONGOOSE	909	n/a	-1	1	1.0	1.0	upper	../fonts/Verdana.ttf
680.308	n/a	WORD	340154	wordpools/wasnorm_wordpool_less_exclusions.txt	LTP255	ltpFR	0	2	-1	BAND	78	n/a	-1	1	1.0	1.0	upper	../fonts/Verdana.ttf
684.34	n/a	WORD	342170	wordpools/wasnorm_wordpool_less_exclusions.txt	LTP255	ltpFR	0	2	-1	HANGER	687	n/a	-1	1	1.0	1.0	upper	../fonts/Verdana.ttf
688.408	n/a	WORD	344204	wordpools/wasnorm_wordpool_less_exclusions.txt	LTP255	ltpFR	0	2	-1	COSTUME	383	n/a	-1	1	1.0	1.0	upper	../fonts/Verdana.ttf
692.506	n/a	WORD	346253	wordpools/wasnorm_wordpool_less_exclusions.txt	LTP255	ltpFR	0	2	-1	UTENSIL	1542	n/a	-1	1	1.0	1.0	upper	../fonts/Verdana.ttf
698.244	n/a	REC_START	349122	n/a	LTP255	ltpFR	0	2	n/a	n/a	n/a	n/a	n/a	n/a	n/a	n/a	n/a	n/a
698.908	n/a	REC_WORD	349454	wordpools/wasnorm_wordpool_less_exclusions.txt	LTP255	ltpFR	0	2	-1	GIRL	637	n/a	-1	n/a	n/a	n/a	n/a	n/a
699.812	n/a	REC_WORD	349906	wordpools/wasnorm_wordpool_less_exclusions.txt	LTP255	ltpFR	0	2	-1	MINT	898	n/a	-1	n/a	n/a	n/a	n/a	n/a
700.992	n/a	REC_WORD	350496	wordpools/wasnorm_wordpool_less_exclusions.txt	LTP255	ltpFR	0	2	-1	MONGOOSE	909	n/a	-1	n/a	n/a	n/a	n/a	n/a
702.246	n/a	REC_WORD	351123	wordpools/wasnorm_wordpool_less_exclusions.txt	LTP255	ltpFR	0	2	-1	BAND	78	n/a	-1	n/a	n/a	n/a	n/a	n/a
703.342	n/a	REC_WORD	351671	wordpools/wasnorm_wordpool_less_exclusions.txt	LTP255	ltpFR	0	2	-1	HANGER	687	n/a	-1	n/a	n/a	n/a	n/a	n/a
704.756	n/a	REC_WORD	352378	wordpools/wasnorm_wordpool_less_exclusions.txt	LTP255	ltpFR	0	2	-1	CONDUCTOR	362	n/a	-1	n/a	n/a	n/a	n/a	n/a
706.25	n/a	REC_WORD	353125	wordpools/wasnorm_wordpool_less_exclusions.txt	LTP255	ltpFR	0	2	-1	FIDDLE	561	n/a	-1	n/a	n/a	n/a	n/a	n/a
708.154	n/a	REC_WORD	354077	wordpools/wasnorm_wordpool_less_exclusions.txt	LTP255	ltpFR	0	2	-1	SAXOPHONE	1240	n/a	-1	n/a	n/a	n/a	n/a	n/a
709.81	n/a	REC_WORD	354905	wordpools/wasnorm_wordpool_less_exclusions.txt	LTP255	ltpFR	0	2	-1	PLATE	1086	n/a	-1	n/a	n/a	n/a	n/a	n/a
714.178	n/a	REC_WORD	357089	wordpools/wasnorm_wordpool_less_exclusions.txt	LTP255	ltpFR	0	2	-1	CONSOLE	364	n/a	-1	n/a	n/a	n/a	n/a	n/a
778.116	n/a	WORD	389058	wordpools/wasnorm_wordpool_less_exclusions.txt	LTP255	ltpFR	0	3	-1	CLAM	315	n/a	-1	1	1.0	1.0	upper	../fonts/Verdana.ttf
782.098	n/a	WORD	391049	wordpools/wasnorm_wordpool_less_exclusions.txt	LTP255	ltpFR	0	3	-1	DIAL	457	n/a	-1	1	1.0	1.0	upper	../fonts/Verdana.ttf
786.114	n/a	WORD	393057	wordpools/wasnorm_wordpool_less_exclusions.txt	LTP255	ltpFR	0	3	-1	WIRE	1616	n/a	-1	1	1.0	1.0	upper	../fonts/Verdana.ttf
790.296	n/a	WORD	395148	wordpools/wasnorm_wordpool_less_exclusions.txt	LTP255	ltpFR	0	3	-1	RULER	1216	n/a	-1	1	1.0	1.0	upper	../fonts/Verdana.ttf
794.512	n/a	WORD	397256	wordpools/wasnorm_wordpool_less_exclusions.txt	LTP255	ltpFR	0	3	-1	BLADE	134	n/a	-1	1	1.0	1.0	upper	../fonts/Verdana.ttf
798.678	n/a	WORD	399339	wordpools/wasnorm_wordpool_less_exclusions.txt	LTP255	ltpFR	0	3	-1	FEAST	556	n/a	-1	1	1.0	1.0	upper	../fonts/Verdana.ttf
802.894	n/a	WORD	401447	wordpools/wasnorm_wordpool_less_exclusions.txt	LTP255	ltpFR	0	3	-1	TAPE	1433	n/a	-1	1	1.0	1.0	upper	../fonts/Verdana.ttf
807.094	n/a	WORD	403547	wordpools/wasnorm_wordpool_less_exclusions.txt	LTP255	ltpFR	0	3	-1	SHELL	1281	n/a	-1	1	1.0	1.0	upper	../fonts/Verdana.ttf
811.126	n/a	WORD	405563	wordpools/wasnorm_wordpool_less_exclusions.txt	LTP255	ltpFR	0	3	-1	CUPBOARD	425	n/a	-1	1	1.0	1.0	upper	../fonts/Verdana.ttf
815.106	n/a	WORD	407553	wordpools/wasnorm_wordpool_less_exclusions.txt	LTP255	ltpFR	0	3	-1	CHURCH	307	n/a	-1	1	1.0	1.0	upper	../fonts/Verdana.ttf
818.938	n/a	WORD	409469	wordpools/wasnorm_wordpool_less_exclusions.txt	LTP255	ltpFR	0	3	-1	PLANT	1083	n/a	-1	1	1.0	1.0	upper	../fonts/Verdana.ttf
823.154	n/a	WORD	411577	wordpools/wasnorm_wordpool_less_exclusions.txt	LTP255	ltpFR	0	3	-1	PLUM	1090	n/a	-1	1	1.0	1.0	upper	../fonts/Verdana.ttf
827.154	n/a	WORD	413577	wordpools/wasnorm_wordpool_less_exclusions.txt	LTP255	ltpFR	0	3	-1	SHARK	1275	n/a	-1	1	1.0	1.0	upper	../fonts/Verdana.ttf
831.268	n/a	WORD	415634	wordpools/wasnorm_wordpool_less_exclusions.txt	LTP255	ltpFR	0	3	-1	TYPEWRITER	1531	n/a	-1	1	1.0	1.0	upper	../fonts/Verdana.ttf
835.184	n/a	WORD	417592	wordpools/wasnorm_wordpool_less_exclusions.txt	LTP255	ltpFR	0	3	-1	COLESLAW	344	n/a	-1	1	1.0	1.0	upper	../fonts/Verdana.ttf
839.032	n/a	WORD	419516	wordpools/wasnorm_wordpool_less_exclusions.txt	LTP255	ltpFR	0	3	-1	RICE	1190	n/a	-1	1	1.0	1.0	upper	../fonts/Verdana.ttf
844.772	n/a	REC_START	422386	n/a	LTP255	ltpFR	0	3	n/a	n/a	n/a	n/a	n/a	n/a	n/a	n/a	n/a	n/a
845.782	n/a	REC_WORD	422891	wordpools/wasnorm_wordpool_less_exclusions.txt	LTP255	ltpFR	0	3	-1	RICE	1190	n/a	-1	n/a	n/a	n/a	n/a	n/a
847.584	n/a	REC_WORD	423792	wordpools/wasnorm_wordpool_less_exclusions.txt	LTP255	ltpFR	0	3	-1	CLAM	315	n/a	-1	n/a	n/a	n/a	n/a	n/a
849.352	n/a	REC_WORD	424676	wordpools/wasnorm_wordpool_less_exclusions.txt	LTP255	ltpFR	0	3	-1	CHURCH	307	n/a	-1	n/a	n/a	n/a	n/a	n/a
853.686	n/a	REC_WORD	426843	wordpools/wasnorm_wordpool_less_exclusions.txt	LTP255	ltpFR	0	3	-1	SHELL	1281	n/a	-1	n/a	n/a	n/a	n/a	n/a
878.214	n/a	REC_WORD	439107	wordpools/wasnorm_wordpool_less_exclusions.txt	LTP255	ltpFR	0	3	-1	SHARK	1275	n/a	-1	n/a	n/a	n/a	n/a	n/a
890.652	n/a	REC_WORD	445326	wordpools/wasnorm_wordpool_less_exclusions.txt	LTP255	ltpFR	0	3	-1	DIAL	457	n/a	-1	n/a	n/a	n/a	n/a	n/a
901.012	n/a	REC_WORD	450506	wordpools/wasnorm_wordpool_less_exclusions.txt	LTP255	ltpFR	0	3	-1	FEAST	556	n/a	-1	n/a	n/a	n/a	n/a	n/a
925.312	n/a	WORD	462656	wordpools/wasnorm_wordpool_less_exclusions.txt	LTP255	ltpFR	0	4	-1	EARTH	515	n/a	-1	1	1.0	1.0	upper	../fonts/Verdana.ttf
929.428	n/a	WORD	464714	wordpools/wasnorm_wordpool_less_exclusions.txt	LTP255	ltpFR	0	4	-1	CLARINET	317	n/a	-1	1	1.0	1.0	upper	../fonts/Verdana.ttf
933.426	n/a	WORD	466713	wordpools/wasnorm_wordpool_less_exclusions.txt	LTP255	ltpFR	0	4	-1	SILK	1307	n/a	-1	1	1.0	1.0	upper	../fonts/Verdana.ttf
937.258	n/a	WORD	468629	wordpools/wasnorm_wordpool_less_exclusions.txt	LTP255	ltpFR	0	4	-1	CHART	282	n/a	-1	1	1.0	1.0	upper	../fonts/Verdana.ttf
941.156	n/a	WORD	470578	wordpools/wasnorm_wordpool_less_exclusions.txt	LTP255	ltpFR	0	4	-1	BUYER	208	n/a	-1	1	1.0	1.0	upper	../fonts/Verdana.ttf
945.088	n/a	WORD	472544	wordpools/wasnorm_wordpool_less_exclusions.txt	LTP255	ltpFR	0	4	-1	FLANNEL	574	n/a	-1	1	1.0	1.0	upper	../fonts/Verdana.ttf
949.236	n/a	WORD	474618	wordpools/wasnorm_wordpool_less_exclusions.txt	LTP255	ltpFR	0	4	-1	CLERK	321	n/a	-1	1	1.0	1.0	upper	../fonts/Verdana.ttf
953.168	n/a	WORD	476584	wordpools/wasnorm_wordpool_less_exclusions.txt	LTP255	ltpFR	0	4	-1	COMPUTER	359	n/a	-1	1	1.0	1.0	upper	../fonts/Verdana.ttf
957.368	n/a	WORD	478684	wordpools/wasnorm_wordpool_less_exclusions.txt	LTP255	ltpFR	0	4	-1	BARREL	91	n/a	-1	1	1.0	1.0	upper	../fonts/Verdana.ttf
961.266	n/a	WORD	480633	wordpools/wasnorm_wordpool_less_exclusions.txt	LTP255	ltpFR	0	4	-1	SALOON	1228	n/a	-1	1	1.0	1.0	upper	../fonts/Verdana.ttf
965.466	n/a	WORD	482733	wordpools/wasnorm_wordpool_less_exclusions.txt	LTP255	ltpFR	0	4	-1	DAM	436	n/a	-1	1	1.0	1.0	upper	../fonts/Verdana.ttf
969.564	n/a	WORD	484782	wordpools/wasnorm_wordpool_less_exclusions.txt	LTP255	ltpFR	0	4	-1	WATERFALL	1595	n/a	-1	1	1.0	1.0	upper	../fonts/Verdana.ttf
973.714	n/a	WORD	486857	wordpools/wasnorm_wordpool_less_exclusions.txt	LTP255	ltpFR	0	4	-1	ATTORNEY	58	n/a	-1	1	1.0	1.0	upper	../fonts/Verdana.ttf
977.712	n/a	WORD	488856	wordpools/wasnorm_wordpool_less_exclusions.txt	LTP255	ltpFR	0	4	-1	MAP	865	n/a	-1	1	1.0	1.0	upper	../fonts/Verdana.ttf
981.694	n/a	WORD	490847	wordpools/wasnorm_wordpool_less_exclusions.txt	LTP255	ltpFR	0	4	-1	UNIVERSE	1540	n/a	-1	1	1.0	1.0	upper	../fonts/Verdana.ttf
985.842	n/a	WORD	492921	wordpools/wasnorm_wordpool_less_exclusions.txt	LTP255	ltpFR	0	4	-1	ATLAS	53	n/a	-1	1	1.0	1.0	upper	../fonts/Verdana.ttf
991.734	n/a	REC_START	495867	n/a	LTP255	ltpFR	0	4	n/a	n/a	n/a	n/a	n/a	n/a	n/a	n/a	n/a	n/a
992.424	n/a	REC_WORD	496212	wordpools/wasnorm_wordpool_less_exclusions.txt	LTP255	ltpFR	0	4	-1	BARREL	91	n/a	-1	n/a	n/a	n/a	n/a	n/a
993.194	n/a	REC_WORD	496597	wordpools/wasnorm_wordpool_less_exclusions.txt	LTP255	ltpFR	0	4	-1	SALOON	1228	n/a	-1	n/a	n/a	n/a	n/a	n/a
994.83	n/a	REC_WORD	497415	wordpools/wasnorm_wordpool_less_exclusions.txt	LTP255	ltpFR	0	4	-1	DAM	436	n/a	-1	n/a	n/a	n/a	n/a	n/a
996.272	n/a	REC_WORD	498136	wordpools/wasnorm_wordpool_less_exclusions.txt	LTP255	ltpFR	0	4	-1	UNIVERSE	1540	n/a	-1	n/a	n/a	n/a	n/a	n/a
997.49	n/a	REC_WORD	498745	wordpools/wasnorm_wordpool_less_exclusions.txt	LTP255	ltpFR	0	4	-1	ATLAS	53	n/a	-1	n/a	n/a	n/a	n/a	n/a
998.852	n/a	REC_WORD	499426	wordpools/wasnorm_wordpool_less_exclusions.txt	LTP255	ltpFR	0	4	-1	EARTH	515	n/a	-1	n/a	n/a	n/a	n/a	n/a
999.968	n/a	REC_WORD	499984	wordpools/wasnorm_wordpool_less_exclusions.txt	LTP255	ltpFR	0	4	-1	SILK	1307	n/a	-1	n/a	n/a	n/a	n/a	n/a
1001.472	n/a	REC_WORD	500736	wordpools/wasnorm_wordpool_less_exclusions.txt	LTP255	ltpFR	0	4	-1	CLARINET	317	n/a	-1	n/a	n/a	n/a	n/a	n/a
1002.91	n/a	REC_WORD	501455	wordpools/wasnorm_wordpool_less_exclusions.txt	LTP255	ltpFR	0	4	-1	BARREL	91	n/a	-1	n/a	n/a	n/a	n/a	n/a
1005.024	n/a	REC_WORD	502512	wordpools/wasnorm_wordpool_less_exclusions.txt	LTP255	ltpFR	0	4	-1	WATERFALL	1595	n/a	-1	n/a	n/a	n/a	n/a	n/a
1008.904	n/a	REC_WORD	504452	wordpools/wasnorm_wordpool_less_exclusions.txt	LTP255	ltpFR	0	4	-1	CLERK	321	n/a	-1	n/a	n/a	n/a	n/a	n/a
1010.17	n/a	REC_WORD	505085	wordpools/wasnorm_wordpool_less_exclusions.txt	LTP255	ltpFR	0	4	-1	ATTORNEY	58	n/a	-1	n/a	n/a	n/a	n/a	n/a
1013.63	n/a	REC_WORD	506815	wordpools/wasnorm_wordpool_less_exclusions.txt	LTP255	ltpFR	0	4	-1	CHART	282	n/a	-1	n/a	n/a	n/a	n/a	n/a
1429.422	n/a	WORD	714711	wordpools/wasnorm_wordpool_less_exclusions.txt	LTP255	ltpFR	0	5	1	FLIPPER	580	n/a	0	0	0.5869140625	0.422607421875	upper	../fonts/amplitud.ttf
1433.422	n/a	WORD	716711	wordpools/wasnorm_wordpool_less_exclusions.txt	LTP255	ltpFR	0	5	1	BISON	131	n/a	1	0	0.5869140625	0.422607421875	upper	../fonts/amplitud.ttf
1437.602	n/a	WORD	718801	wordpools/wasnorm_wordpool_less_exclusions.txt	LTP255	ltpFR	0	5	1	CREATURE	403	n/a	1	0	0.5869140625	0.422607421875	upper	../fonts/amplitud.ttf
1441.702	n/a	WORD	720851	wordpools/wasnorm_wordpool_less_exclusions.txt	LTP255	ltpFR	0	5	1	ANIMAL	23	n/a	1	0	0.5869140625	0.422607421875	upper	../fonts/amplitud.ttf
1445.518	n/a	WORD	722759	wordpools/wasnorm_wordpool_less_exclusions.txt	LTP255	ltpFR	0	5	1	ORCHESTRA	981	n/a	0	0	0.5869140625	0.422607421875	upper	../fonts/amplitud.ttf
1449.732	n/a	WORD	724866	wordpools/wasnorm_wordpool_less_exclusions.txt	LTP255	ltpFR	0	5	1	COMET	353	n/a	0	0	0.5869140625	0.422607421875	upper	../fonts/amplitud.ttf
1453.68	n/a	WORD	726840	wordpools/wasnorm_wordpool_less_exclusions.txt	LTP255	ltpFR	0	5	1	CLOUD	328	n/a	0	0	0.5869140625	0.422607421875	upper	../fonts/amplitud.ttf
1457.78	n/a	WORD	728890	wordpools/wasnorm_wordpool_less_exclusions.txt	LTP255	ltpFR	0	5	1	PADDING	999	n/a	0	0	0.5869140625	0.422607421875	upper	../fonts/amplitud.ttf
1461.862	n/a	WORD	730931	wordpools/wasnorm_wordpool_less_exclusions.txt	LTP255	ltpFR	0	5	1	SOFA	1342	n/a	0	0	0.5869140625	0.422607421875	upper	../fonts/amplitud.ttf
1465.694	n/a	WORD	732847	wordpools/wasnorm_wordpool_less_exclusions.txt	LTP255	ltpFR	0	5	1	BARN	89	n/a	0	0	0.5869140625	0.422607421875	upper	../fonts/amplitud.ttf
1469.742	n/a	WORD	734871	wordpools/wasnorm_wordpool_less_exclusions.txt	LTP255	ltpFR	0	5	1	CLIFF	322	n/a	0	0	0.5869140625	0.422607421875	upper	../fonts/amplitud.ttf
1473.824	n/a	WORD	736912	wordpools/wasnorm_wordpool_less_exclusions.txt	LTP255	ltpFR	0	5	1	AGENT	10	n/a	0	0	0.5869140625	0.422607421875	upper	../fonts/amplitud.ttf
1478.006	n/a	WORD	739003	wordpools/wasnorm_wordpool_less_exclusions.txt	LTP255	ltpFR	0	5	1	DILL	465	n/a	1	0	0.5869140625	0.422607421875	upper	../fonts/amplitud.ttf
1481.938	n/a	WORD	740969	wordpools/wasnorm_wordpool_less_exclusions.txt	LTP255	ltpFR	0	5	1	SEAFOOD	1260	n/a	1	0	0.5869140625	0.422607421875	upper	../fonts/amplitud.ttf
1485.904	n/a	WORD	742952	wordpools/wasnorm_wordpool_less_exclusions.txt	LTP255	ltpFR	0	5	1	VIOLIN	1571	n/a	0	0	0.5869140625	0.422607421875	upper	../fonts/amplitud.ttf
1490.02	n/a	WORD	745010	wordpools/wasnorm_wordpool_less_exclusions.txt	LTP255	ltpFR	0	5	1	COLT	349	n/a	0	0	0.5869140625	0.422607421875	upper	../fonts/amplitud.ttf
1496.026	n/a	REC_START	748013	n/a	LTP255	ltpFR	0	5	n/a	n/a	n/a	n/a	n/a	n/a	n/a	n/a	n/a	n/a
1496.856	n/a	REC_WORD	748428	wordpools/wasnorm_wordpool_less_exclusions.txt	LTP255	ltpFR	0	5	1	COLT	349	n/a	0	n/a	n/a	n/a	n/a	n/a
1497.792	n/a	REC_WORD	748896	wordpools/wasnorm_wordpool_less_exclusions.txt	LTP255	ltpFR	0	5	1	ANIMAL	23	n/a	1	n/a	n/a	n/a	n/a	n/a
1499.072	n/a	REC_WORD	749536	wordpools/wasnorm_wordpool_less_exclusions.txt	LTP255	ltpFR	0	5	n/a	PECAN	1036	n/a	n/a	n/a	n/a	n/a	n/a	n/a
1500.95	n/a	REC_WORD	750475	wordpools/wasnorm_wordpool_less_exclusions.txt	LTP255	ltpFR	0	5	1	CREATURE	403	n/a	1	n/a	n/a	n/a	n/a	n/a
1502.19	n/a	REC_WORD	751095	wordpools/wasnorm_wordpool_less_exclusions.txt	LTP255	ltpFR	0	5	1	CLOUD	328	n/a	0	n/a	n/a	n/a	n/a	n/a
1503.358	n/a	REC_WORD	751679	wordpools/wasnorm_wordpool_less_exclusions.txt	LTP255	ltpFR	0	5	1	SEAFOOD	1260	n/a	1	n/a	n/a	n/a	n/a	n/a
1526.464	n/a	REC_WORD	763232	wordpools/wasnorm_wordpool_less_exclusions.txt	LTP255	ltpFR	0	5	1	BARN	89	n/a	0	n/a	n/a	n/a	n/a	n/a
1532.18	n/a	REC_WORD	766090	wordpools/wasnorm_wordpool_less_exclusions.txt	LTP255	ltpFR	0	5	1	AGENT	10	n/a	0	n/a	n/a	n/a	n/a	n/a
1585.1	n/a	WORD	792550	wordpools/wasnorm_wordpool_less_exclusions.txt	LTP255	ltpFR	0	6	1	TOWN	1491	n/a	0	0	0.5869140625	0.422607421875	upper	../fonts/amplitud.ttf
1589.248	n/a	WORD	794624	wordpools/wasnorm_wordpool_less_exclusions.txt	LTP255	ltpFR	0	6	1	MONK	910	n/a	1	0	0.5869140625	0.422607421875	upper	../fonts/amplitud.ttf
1593.196	n/a	WORD	796598	wordpools/wasnorm_wordpool_less_exclusions.txt	LTP255	ltpFR	0	6	1	COMB	351	n/a	0	0	0.5869140625	0.422607421875	upper	../fonts/amplitud.ttf
1597.314	n/a	WORD	798657	wordpools/wasnorm_wordpool_less_exclusions.txt	LTP255	ltpFR	0	6	1	SHOWER	1296	n/a	0	0	0.5869140625	0.422607421875	upper	../fonts/amplitud.ttf
1601.178	n/a	WORD	800589	wordpools/wasnorm_wordpool_less_exclusions.txt	LTP255	ltpFR	0	6	1	PUDDLE	1140	n/a	0	0	0.5869140625	0.422607421875	upper	../fonts/amplitud.ttf
1605.276	n/a	WORD	802638	wordpools/wasnorm_wordpool_less_exclusions.txt	LTP255	ltpFR	0	6	1	ICEBERG	731	n/a	1	0	0.5869140625	0.422607421875	upper	../fonts/amplitud.ttf
1609.494	n/a	WORD	804747	wordpools/wasnorm_wordpool_less_exclusions.txt	LTP255	ltpFR	0	6	1	FEATHER	557	n/a	0	0	0.5869140625	0.422607421875	upper	../fonts/amplitud.ttf
1613.34	n/a	WORD	806670	wordpools/wasnorm_wordpool_less_exclusions.txt	LTP255	ltpFR	0	6	1	SHACK	1273	n/a	0	0	0.5869140625	0.422607421875	upper	../fonts/amplitud.ttf
1617.406	n/a	WORD	808703	wordpools/wasnorm_wordpool_less_exclusions.txt	LTP255	ltpFR	0	6	1	FOREHEAD	592	n/a	0	0	0.5869140625	0.422607421875	upper	../fonts/amplitud.ttf
1621.49	n/a	WORD	810745	wordpools/wasnorm_wordpool_less_exclusions.txt	LTP255	ltpFR	0	6	1	FIREMAN	569	n/a	1	0	0.5869140625	0.422607421875	upper	../fonts/amplitud.ttf
1625.386	n/a	WORD	812693	wordpools/wasnorm_wordpool_less_exclusions.txt	LTP255	ltpFR	0	6	1	WHEAT	1602	n/a	1	0	0.5869140625	0.422607421875	upper	../fonts/amplitud.ttf
1629.436	n/a	WORD	814718	wordpools/wasnorm_wordpool_less_exclusions.txt	LTP255	ltpFR	0	6	1	HAWK	692	n/a	1	0	0.5869140625	0.422607421875	upper	../fonts/amplitud.ttf
1633.602	n/a	WORD	816801	wordpools/wasnorm_wordpool_less_exclusions.txt	LTP255	ltpFR	0	6	1	ROOM	1206	n/a	0	0	0.5869140625	0.422607421875	upper	../fonts/amplitud.ttf
1637.65	n/a	WORD	818825	wordpools/wasnorm_wordpool_less_exclusions.txt	LTP255	ltpFR	0	6	1	CORPORATION	382	n/a	0	0	0.5869140625	0.422607421875	upper	../fonts/amplitud.ttf
1641.732	n/a	WORD	820866	wordpools/wasnorm_wordpool_less_exclusions.txt	LTP255	ltpFR	0	6	1	PELICAN	1039	n/a	1	0	0.5869140625	0.422607421875	upper	../fonts/amplitud.ttf
1645.782	n/a	WORD	822891	wordpools/wasnorm_wordpool_less_exclusions.txt	LTP255	ltpFR	0	6	1	BIRD	129	n/a	1	0	0.5869140625	0.422607421875	upper	../fonts/amplitud.ttf
1651.37	n/a	REC_START	825685	n/a	LTP255	ltpFR	0	6	n/a	n/a	n/a	n/a	n/a	n/a	n/a	n/a	n/a	n/a
1652.02	n/a	REC_WORD	826010	wordpools/wasnorm_wordpool_less_exclusions.txt	LTP255	ltpFR	0	6	1	FIREMAN	569	n/a	1	n/a	n/a	n/a	n/a	n/a
1653.188	n/a	REC_WORD	826594	wordpools/wasnorm_wordpool_less_exclusions.txt	LTP255	ltpFR	0	6	1	WHEAT	1602	n/a	1	n/a	n/a	n/a	n/a	n/a
1654.204	n/a	REC_WORD	827102	wordpools/wasnorm_wordpool_less_exclusions.txt	LTP255	ltpFR	0	6	1	HAWK	692	n/a	1	n/a	n/a	n/a	n/a	n/a
1655.338	n/a	REC_WORD	827669	wordpools/wasnorm_wordpool_less_exclusions.txt	LTP255	ltpFR	0	6	1	ROOM	1206	n/a	0	n/a	n/a	n/a	n/a	n/a
1656.536	n/a	REC_WORD	828268	wordpools/wasnorm_wordpool_less_exclusions.txt	LTP255	ltpFR	0	6	1	PELICAN	1039	n/a	1	n/a	n/a	n/a	n/a	n/a
1657.682	n/a	REC_WORD	828841	wordpools/wasnorm_wordpool_less_exclusions.txt	LTP255	ltpFR	0	6	1	BIRD	129	n/a	1	n/a	n/a	n/a	n/a	n/a
1658.908	n/a	REC_WORD	829454	wordpools/wasnorm_wordpool_less_exclusions.txt	LTP255	ltpFR	0	6	1	MONK	910	n/a	1	n/a	n/a	n/a	n/a	n/a
1659.84	n/a	REC_WORD	829920	wordpools/wasnorm_wordpool_less_exclusions.txt	LTP255	ltpFR	0	6	1	SHOWER	1296	n/a	0	n/a	n/a	n/a	n/a	n/a
1661.206	n/a	REC_WORD	830603	wordpools/wasnorm_wordpool_less_exclusions.txt	LTP255	ltpFR	0	6	1	COMB	351	n/a	0	n/a	n/a	n/a	n/a	n/a
1734.02	n/a	WORD	867010	wordpools/wasnorm_wordpool_less_exclusions.txt	LTP255	ltpFR	0	7	1	ELEVATOR	524	n/a	0	0	0.5869140625	0.422607421875	upper	../fonts/amplitud.ttf
1738.0	n/a	WORD	869000	wordpools/wasnorm_wordpool_less_exclusions.txt	LTP255	ltpFR	0	7	1	SURF	1412	n/a	0	0	0.5869140625	0.422607421875	upper	../fonts/amplitud.ttf
1741.866	n/a	WORD	870933	wordpools/wasnorm_wordpool_less_exclusions.txt	LTP255	ltpFR	0	7	1	SLIDE	1326	n/a	0	0	0.5869140625	0.422607421875	upper	../fonts/amplitud.ttf
1745.964	n/a	WORD	872982	wordpools/wasnorm_wordpool_less_exclusions.txt	LTP255	ltpFR	0	7	1	TUBE	1516	n/a	0	0	0.5869140625	0.422607421875	upper	../fonts/amplitud.ttf
1750.098	n/a	WORD	875049	wordpools/wasnorm_wordpool_less_exclusions.txt	LTP255	ltpFR	0	7	1	LADDER	793	n/a	0	0	0.5869140625	0.422607421875	upper	../fonts/amplitud.ttf
1754.08	n/a	WORD	877040	wordpools/wasnorm_wordpool_less_exclusions.txt	LTP255	ltpFR	0	7	1	BROOK	177	n/a	0	0	0.5869140625	0.422607421875	upper	../fonts/amplitud.ttf
1758.194	n/a	WORD	879097	wordpools/wasnorm_wordpool_less_exclusions.txt	LTP255	ltpFR	0	7	1	CARTON	251	n/a	0	0	0.5869140625	0.422607421875	upper	../fonts/amplitud.ttf
1762.092	n/a	WORD	881046	wordpools/wasnorm_wordpool_less_exclusions.txt	LTP255	ltpFR	0	7	1	FAMILY	550	n/a	1	0	0.5869140625	0.422607421875	upper	../fonts/amplitud.ttf
1766.04	n/a	WORD	883020	wordpools/wasnorm_wordpool_less_exclusions.txt	LTP255	ltpFR	0	7	1	FORK	594	n/a	0	0	0.5869140625	0.422607421875	upper	../fonts/amplitud.ttf
1770.14	n/a	WORD	885070	wordpools/wasnorm_wordpool_less_exclusions.txt	LTP255	ltpFR	0	7	1	EUROPE	541	n/a	1	0	0.5869140625	0.422607421875	upper	../fonts/amplitud.ttf
1774.322	n/a	WORD	887161	wordpools/wasnorm_wordpool_less_exclusions.txt	LTP255	ltpFR	0	7	1	SKILLET	1317	n/a	0	0	0.5869140625	0.422607421875	upper	../fonts/amplitud.ttf
1778.524	n/a	WORD	889262	wordpools/wasnorm_wordpool_less_exclusions.txt	LTP255	ltpFR	0	7	1	KITCHEN	778	n/a	0	0	0.5869140625	0.422607421875	upper	../fonts/amplitud.ttf
1782.454	n/a	WORD	891227	wordpools/wasnorm_wordpool_less_exclusions.txt	LTP255	ltpFR	0	7	1	TOY	1492	n/a	0	0	0.5869140625	0.422607421875	upper	../fonts/amplitud.ttf
1786.386	n/a	WORD	893193	wordpools/wasnorm_wordpool_less_exclusions.txt	LTP255	ltpFR	0	7	1	COOK	372	n/a	0	0	0.5869140625	0.422607421875	upper	../fonts/amplitud.ttf
1790.3	n/a	WORD	895150	wordpools/wasnorm_wordpool_less_exclusions.txt	LTP255	ltpFR	0	7	1	CHEF	290	n/a	1	0	0.5869140625	0.422607421875	upper	../fonts/amplitud.ttf
1794.518	n/a	WORD	897259	wordpools/wasnorm_wordpool_less_exclusions.txt	LTP255	ltpFR	0	7	1	AUDIENCE	59	n/a	0	0	0.5869140625	0.422607421875	upper	../fonts/amplitud.ttf
1800.406	n/a	REC_START	900203	n/a	LTP255	ltpFR	0	7	n/a	n/a	n/a	n/a	n/a	n/a	n/a	n/a	n/a	n/a
1801.446	n/a	REC_WORD	900723	wordpools/wasnorm_wordpool_less_exclusions.txt	LTP255	ltpFR	0	7	1	AUDIENCE	59	n/a	0	n/a	n/a	n/a	n/a	n/a
1802.354	n/a	REC_WORD	901177	wordpools/wasnorm_wordpool_less_exclusions.txt	LTP255	ltpFR	0	7	1	CHEF	290	n/a	1	n/a	n/a	n/a	n/a	n/a
1803.612	n/a	REC_WORD	901806	wordpools/wasnorm_wordpool_less_exclusions.txt	LTP255	ltpFR	0	7	1	SKILLET	1317	n/a	0	n/a	n/a	n/a	n/a	n/a
1804.97	n/a	REC_WORD	902485	wordpools/wasnorm_wordpool_less_exclusions.txt	LTP255	ltpFR	0	7	1	FAMILY	550	n/a	1	n/a	n/a	n/a	n/a	n/a
1806.194	n/a	REC_WORD	903097	wordpools/wasnorm_wordpool_less_exclusions.txt	LTP255	ltpFR	0	7	1	KITCHEN	778	n/a	0	n/a	n/a	n/a	n/a	n/a
1807.26	n/a	REC_WORD	903630	wordpools/wasnorm_wordpool_less_exclusions.txt	LTP255	ltpFR	0	7	1	FORK	594	n/a	0	n/a	n/a	n/a	n/a	n/a
1808.558	n/a	REC_WORD	904279	wordpools/wasnorm_wordpool_less_exclusions.txt	LTP255	ltpFR	0	7	-1	UTENSIL	1542	n/a	-1	n/a	n/a	n/a	n/a	n/a
1815.924	n/a	REC_WORD	907962	wordpools/wasnorm_wordpool_less_exclusions.txt	LTP255	ltpFR	0	7	1	AUDIENCE	59	n/a	0	n/a	n/a	n/a	n/a	n/a
1828.668	n/a	REC_WORD	914334	wordpools/wasnorm_wordpool_less_exclusions.txt	LTP255	ltpFR	0	7	n/a	PIPE	1073	n/a	n/a	n/a	n/a	n/a	n/a	n/a
1830.678	n/a	REC_WORD	915339	wordpools/wasnorm_wordpool_less_exclusions.txt	LTP255	ltpFR	0	7	1	SLIDE	1326	n/a	0	n/a	n/a	n/a	n/a	n/a
1831.98	n/a	REC_WORD	915990	wordpools/wasnorm_wordpool_less_exclusions.txt	LTP255	ltpFR	0	7	1	TUBE	1516	n/a	0	n/a	n/a	n/a	n/a	n/a
1835.538	n/a	REC_WORD	917769	wordpools/wasnorm_wordpool_less_exclusions.txt	LTP255	ltpFR	0	7	1	SURF	1412	n/a	0	n/a	n/a	n/a	n/a	n/a
1878.522	n/a	WORD	939261	wordpools/wasnorm_wordpool_less_exclusions.txt	LTP255	ltpFR	0	8	1	CIRCUS	311	n/a	0	0	0.5869140625	0.422607421875	upper	../fonts/amplitud.ttf
1882.738	n/a	WORD	941369	wordpools/wasnorm_wordpool_less_exclusions.txt	LTP255	ltpFR	0	8	1	BOXER	160	n/a	1	0	0.5869140625	0.422607421875	upper	../fonts/amplitud.ttf
1886.702	n/a	WORD	943351	wordpools/wasnorm_wordpool_less_exclusions.txt	LTP255	ltpFR	0	8	1	DRESS	495	n/a	0	0	0.5869140625	0.422607421875	upper	../fonts/amplitud.ttf
1890.634	n/a	WORD	945317	wordpools/wasnorm_wordpool_less_exclusions.txt	LTP255	ltpFR	0	8	1	LABEL	790	n/a	0	0	0.5869140625	0.422607421875	upper	../fonts/amplitud.ttf
1894.466	n/a	WORD	947233	wordpools/wasnorm_wordpool_less_exclusions.txt	LTP255	ltpFR	0	8	1	MEDAL	885	n/a	0	0	0.5869140625	0.422607421875	upper	../fonts/amplitud.ttf
1898.614	n/a	WORD	949307	wordpools/wasnorm_wordpool_less_exclusions.txt	LTP255	ltpFR	0	8	1	COTTAGE	384	n/a	0	0	0.5869140625	0.422607421875	upper	../fonts/amplitud.ttf
1902.698	n/a	WORD	951349	wordpools/wasnorm_wordpool_less_exclusions.txt	LTP255	ltpFR	0	8	1	TIGER	1467	n/a	1	0	0.5869140625	0.422607421875	upper	../fonts/amplitud.ttf
1906.562	n/a	WORD	953281	wordpools/wasnorm_wordpool_less_exclusions.txt	LTP255	ltpFR	0	8	1	BOSS	152	n/a	1	0	0.5869140625	0.422607421875	upper	../fonts/amplitud.ttf
1910.71	n/a	WORD	955355	wordpools/wasnorm_wordpool_less_exclusions.txt	LTP255	ltpFR	0	8	1	WINNER	1615	n/a	1	0	0.5869140625	0.422607421875	upper	../fonts/amplitud.ttf
1914.592	n/a	WORD	957296	wordpools/wasnorm_wordpool_less_exclusions.txt	LTP255	ltpFR	0	8	1	MISSILE	900	n/a	0	0	0.5869140625	0.422607421875	upper	../fonts/amplitud.ttf
1918.708	n/a	WORD	959354	wordpools/wasnorm_wordpool_less_exclusions.txt	LTP255	ltpFR	0	8	1	TANK	1432	n/a	0	0	0.5869140625	0.422607421875	upper	../fonts/amplitud.ttf
1922.574	n/a	WORD	961287	wordpools/wasnorm_wordpool_less_exclusions.txt	LTP255	ltpFR	0	8	1	FURNITURE	616	n/a	0	0	0.5869140625	0.422607421875	upper	../fonts/amplitud.ttf
1926.572	n/a	WORD	963286	wordpools/wasnorm_wordpool_less_exclusions.txt	LTP255	ltpFR	0	8	1	WILDERNESS	1610	n/a	0	0	0.5869140625	0.422607421875	upper	../fonts/amplitud.ttf
1930.504	n/a	WORD	965252	wordpools/wasnorm_wordpool_less_exclusions.txt	LTP255	ltpFR	0	8	1	SALAD	1224	n/a	0	0	0.5869140625	0.422607421875	upper	../fonts/amplitud.ttf
1934.4	n/a	WORD	967200	wordpools/wasnorm_wordpool_less_exclusions.txt	LTP255	ltpFR	0	8	1	CAULIFLOWER	262	n/a	n/a	0	0.5869140625	0.422607421875	upper	../fonts/amplitud.ttf
1937.448	n/a	SLOW_MSG	968724	n/a	LTP255	ltpFR	0	8	n/a	n/a	n/a	n/a	n/a	n/a	n/a	n/a	n/a	n/a
1939.922	n/a	WORD	969961	wordpools/wasnorm_wordpool_less_exclusions.txt	LTP255	ltpFR	0	8	1	EMPLOYER	532	n/a	1	0	0.5869140625	0.422607421875	upper	../fonts/amplitud.ttf
1945.846	n/a	REC_START	972923	n/a	LTP255	ltpFR	0	8	n/a	n/a	n/a	n/a	n/a	n/a	n/a	n/a	n/a	n/a
1946.9	n/a	REC_WORD	973450	wordpools/wasnorm_wordpool_less_exclusions.txt	LTP255	ltpFR	0	8	1	EMPLOYER	532	n/a	1	n/a	n/a	n/a	n/a	n/a
1948.222	n/a	REC_WORD	974111	wordpools/wasnorm_wordpool_less_exclusions.txt	LTP255	ltpFR	0	8	1	CAULIFLOWER	262	n/a	n/a	n/a	n/a	n/a	n/a	n/a
1950.062	n/a	REC_WORD	975031	wordpools/wasnorm_wordpool_less_exclusions.txt	LTP255	ltpFR	0	8	1	CIRCUS	311	n/a	0	n/a	n/a	n/a	n/a	n/a
1957.436	n/a	REC_WORD	978718	wordpools/wasnorm_wordpool_less_exclusions.txt	LTP255	ltpFR	0	8	1	WHEAT	1602	n/a	1	n/a	n/a	n/a	n/a	n/a
1962.988	n/a	REC_WORD	981494	wordpools/wasnorm_wordpool_less_exclusions.txt	LTP255	ltpFR	0	8	1	TIGER	1467	n/a	1	n/a	n/a	n/a	n/a	n/a
2028.694	n/a	WORD	1014347	wordpools/wasnorm_wordpool_less_exclusions.txt	LTP255	ltpFR	0	9	0	SUBMARINE	1398	n/a	0	1	0.412841796875	0.57763671875	lower	../fonts/zerothre.ttf
2032.528	n/a	WORD	1016264	wordpools/wasnorm_wordpool_less_exclusions.txt	LTP255	ltpFR	0	9	0	FOREST	593	n/a	1	1	0.412841796875	0.57763671875	lower	../fonts/zerothre.ttf
2036.742	n/a	WORD	1018371	wordpools/wasnorm_wordpool_less_exclusions.txt	LTP255	ltpFR	0	9	0	BUSH	202	n/a	1	1	0.412841796875	0.57763671875	lower	../fonts/zerothre.ttf
2040.824	n/a	WORD	1020412	wordpools/wasnorm_wordpool_less_exclusions.txt	LTP255	ltpFR	0	9	0	IRON	744	n/a	0	1	0.412841796875	0.57763671875	lower	../fonts/zerothre.ttf
2044.806	n/a	WORD	1022403	wordpools/wasnorm_wordpool_less_exclusions.txt	LTP255	ltpFR	0	9	0	LODGE	839	n/a	1	1	0.412841796875	0.57763671875	lower	../fonts/zerothre.ttf
2048.854	n/a	WORD	1024427	wordpools/wasnorm_wordpool_less_exclusions.txt	LTP255	ltpFR	0	9	0	TART	1436	n/a	0	1	0.412841796875	0.57763671875	lower	../fonts/zerothre.ttf
2052.972	n/a	WORD	1026486	wordpools/wasnorm_wordpool_less_exclusions.txt	LTP255	ltpFR	0	9	0	JAR	750	n/a	0	1	0.412841796875	0.57763671875	lower	../fonts/zerothre.ttf
2057.12	n/a	WORD	1028560	wordpools/wasnorm_wordpool_less_exclusions.txt	LTP255	ltpFR	0	9	0	SPONGE	1355	n/a	0	1	0.412841796875	0.57763671875	lower	../fonts/zerothre.ttf
2061.102	n/a	WORD	1030551	wordpools/wasnorm_wordpool_less_exclusions.txt	LTP255	ltpFR	0	9	0	FOUNTAIN	597	n/a	1	1	0.412841796875	0.57763671875	lower	../fonts/zerothre.ttf
2065.302	n/a	WORD	1032651	wordpools/wasnorm_wordpool_less_exclusions.txt	LTP255	ltpFR	0	9	0	WICK	1607	n/a	0	1	0.412841796875	0.57763671875	lower	../fonts/zerothre.ttf
2069.366	n/a	WORD	1034683	wordpools/wasnorm_wordpool_less_exclusions.txt	LTP255	ltpFR	0	9	0	AUTOMOBILE	62	n/a	1	1	0.412841796875	0.57763671875	lower	../fonts/zerothre.ttf
2073.416	n/a	WORD	1036708	wordpools/wasnorm_wordpool_less_exclusions.txt	LTP255	ltpFR	0	9	0	SALESMAN	1225	n/a	1	1	0.412841796875	0.57763671875	lower	../fonts/zerothre.ttf
2077.28	n/a	WORD	1038640	wordpools/wasnorm_wordpool_less_exclusions.txt	LTP255	ltpFR	0	9	0	SHORTCAKE	1292	n/a	0	1	0.412841796875	0.57763671875	lower	../fonts/zerothre.ttf
2081.412	n/a	WORD	1040706	wordpools/wasnorm_wordpool_less_exclusions.txt	LTP255	ltpFR	0	9	0	CELERY	266	n/a	0	1	0.412841796875	0.57763671875	lower	../fonts/zerothre.ttf
2085.412	n/a	WORD	1042706	wordpools/wasnorm_wordpool_less_exclusions.txt	LTP255	ltpFR	0	9	0	GRAPE	654	n/a	0	1	0.412841796875	0.57763671875	lower	../fonts/zerothre.ttf
2089.378	n/a	WORD	1044689	wordpools/wasnorm_wordpool_less_exclusions.txt	LTP255	ltpFR	0	9	0	REEF	1177	n/a	1	1	0.412841796875	0.57763671875	lower	../fonts/zerothre.ttf
2095.502	n/a	REC_START	1047751	n/a	LTP255	ltpFR	0	9	n/a	n/a	n/a	n/a	n/a	n/a	n/a	n/a	n/a	n/a
2096.276	n/a	REC_WORD	1048138	wordpools/wasnorm_wordpool_less_exclusions.txt	LTP255	ltpFR	0	9	0	CELERY	266	n/a	0	n/a	n/a	n/a	n/a	n/a
2097.478	n/a	REC_WORD	1048739	wordpools/wasnorm_wordpool_less_exclusions.txt	LTP255	ltpFR	0	9	0	GRAPE	654	n/a	0	n/a	n/a	n/a	n/a	n/a
2098.706	n/a	REC_WORD	1049353	wordpools/wasnorm_wordpool_less_exclusions.txt	LTP255	ltpFR	0	9	0	AUTOMOBILE	62	n/a	1	n/a	n/a	n/a	n/a	n/a
2099.966	n/a	REC_WORD	1049983	wordpools/wasnorm_wordpool_less_exclusions.txt	LTP255	ltpFR	0	9	0	SALESMAN	1225	n/a	1	n/a	n/a	n/a	n/a	n/a
2101.586	n/a	REC_WORD	1050793	wordpools/wasnorm_wordpool_less_exclusions.txt	LTP255	ltpFR	0	9	0	REEF	1177	n/a	1	n/a	n/a	n/a	n/a	n/a
2104.444	n/a	REC_WORD	1052222	wordpools/wasnorm_wordpool_less_exclusions.txt	LTP255	ltpFR	0	9	0	WICK	1607	n/a	0	n/a	n/a	n/a	n/a	n/a
2109.526	n/a	REC_WORD	1054763	wordpools/wasnorm_wordpool_less_exclusions.txt	LTP255	ltpFR	0	9	0	LODGE	839	n/a	1	n/a	n/a	n/a	n/a	n/a
2181.06	n/a	WORD	1090530	wordpools/wasnorm_wordpool_less_exclusions.txt	LTP255	ltpFR	0	10	0	CACTUS	215	n/a	3	1	0.412841796875	0.57763671875	lower	../fonts/zerothre.ttf
2183.152	n/a	KEY_MSG	1091576	n/a	LTP255	ltpFR	0	10	n/a	n/a	n/a	n/a	n/a	n/a	n/a	n/a	n/a	n/a
2185.762	n/a	WORD	1092881	wordpools/wasnorm_wordpool_less_exclusions.txt	LTP255	ltpFR	0	10	0	SNACK	1331	n/a	2	1	0.412841796875	0.57763671875	lower	../fonts/zerothre.ttf
2186.75	n/a	KEY_MSG	1093375	n/a	LTP255	ltpFR	0	10	n/a	n/a	n/a	n/a	n/a	n/a	n/a	n/a	n/a	n/a
2189.794	n/a	WORD	1094897	wordpools/wasnorm_wordpool_less_exclusions.txt	LTP255	ltpFR	0	10	0	MARKET	871	n/a	1	1	0.412841796875	0.57763671875	lower	../fonts/zerothre.ttf
2193.842	n/a	WORD	1096921	wordpools/wasnorm_wordpool_less_exclusions.txt	LTP255	ltpFR	0	10	0	MOUTH	926	n/a	1	1	0.412841796875	0.57763671875	lower	../fonts/zerothre.ttf
2197.724	n/a	WORD	1098862	wordpools/wasnorm_wordpool_less_exclusions.txt	LTP255	ltpFR	0	10	0	WAND	1586	n/a	0	1	0.412841796875	0.57763671875	lower	../fonts/zerothre.ttf
2201.924	n/a	WORD	1100962	wordpools/wasnorm_wordpool_less_exclusions.txt	LTP255	ltpFR	0	10	0	PICKLE	1059	n/a	0	1	0.412841796875	0.57763671875	lower	../fonts/zerothre.ttf
2206.006	n/a	WORD	1103003	wordpools/wasnorm_wordpool_less_exclusions.txt	LTP255	ltpFR	0	10	0	LIMB	822	n/a	1	1	0.412841796875	0.57763671875	lower	../fonts/zerothre.ttf
2209.838	n/a	WORD	1104919	wordpools/wasnorm_wordpool_less_exclusions.txt	LTP255	ltpFR	0	10	0	CYCLONE	431	n/a	1	1	0.412841796875	0.57763671875	lower	../fonts/zerothre.ttf
2213.952	n/a	WORD	1106976	wordpools/wasnorm_wordpool_less_exclusions.txt	LTP255	ltpFR	0	10	0	RUST	1219	n/a	1	1	0.412841796875	0.57763671875	lower	../fonts/zerothre.ttf
2218.068	n/a	WORD	1109034	wordpools/wasnorm_wordpool_less_exclusions.txt	LTP255	ltpFR	0	10	0	CHERRY	293	n/a	0	1	0.412841796875	0.57763671875	lower	../fonts/zerothre.ttf
2222.134	n/a	WORD	1111067	wordpools/wasnorm_wordpool_less_exclusions.txt	LTP255	ltpFR	0	10	0	TOOTHPASTE	1483	n/a	1	1	0.412841796875	0.57763671875	lower	../fonts/zerothre.ttf
2226.3	n/a	WORD	1113150	wordpools/wasnorm_wordpool_less_exclusions.txt	LTP255	ltpFR	0	10	0	TREE	1502	n/a	1	1	0.412841796875	0.57763671875	lower	../fonts/zerothre.ttf
2230.518	n/a	WORD	1115259	wordpools/wasnorm_wordpool_less_exclusions.txt	LTP255	ltpFR	0	10	0	WINDSHIELD	1612	n/a	1	1	0.412841796875	0.57763671875	lower	../fonts/zerothre.ttf
2234.43	n/a	WORD	1117215	wordpools/wasnorm_wordpool_less_exclusions.txt	LTP255	ltpFR	0	10	0	TAXI	1438	n/a	1	1	0.412841796875	0.57763671875	lower	../fonts/zerothre.ttf
2238.448	n/a	WORD	1119224	wordpools/wasnorm_wordpool_less_exclusions.txt	LTP255	ltpFR	0	10	0	SKIRT	1319	n/a	0	1	0.412841796875	0.57763671875	lower	../fonts/zerothre.ttf
2242.53	n/a	WORD	1121265	wordpools/wasnorm_wordpool_less_exclusions.txt	LTP255	ltpFR	0	10	0	HIKER	708	n/a	1	1	0.412841796875	0.57763671875	lower	../fonts/zerothre.ttf
2248.504	n/a	REC_START	1124252	n/a	LTP255	ltpFR	0	10	n/a	n/a	n/a	n/a	n/a	n/a	n/a	n/a	n/a	n/a
2249.164	n/a	REC_WORD	1124582	wordpools/wasnorm_wordpool_less_exclusions.txt	LTP255	ltpFR	0	10	0	HIKER	708	n/a	1	n/a	n/a	n/a	n/a	n/a
2250.1	n/a	REC_WORD	1125050	wordpools/wasnorm_wordpool_less_exclusions.txt	LTP255	ltpFR	0	10	0	SKIRT	1319	n/a	0	n/a	n/a	n/a	n/a	n/a
2251.698	n/a	REC_WORD	1125849	wordpools/wasnorm_wordpool_less_exclusions.txt	LTP255	ltpFR	0	10	0	WINDSHIELD	1612	n/a	1	n/a	n/a	n/a	n/a	n/a
2252.922	n/a	REC_WORD	1126461	wordpools/wasnorm_wordpool_less_exclusions.txt	LTP255	ltpFR	0	10	0	TREE	1502	n/a	1	n/a	n/a	n/a	n/a	n/a
2297.684	n/a	REC_WORD	1148842	wordpools/wasnorm_wordpool_less_exclusions.txt	LTP255	ltpFR	0	10	0	TAXI	1438	n/a	1	n/a	n/a	n/a	n/a	n/a
2304.854	n/a	REC_WORD	1152427	wordpools/wasnorm_wordpool_less_exclusions.txt	LTP255	ltpFR	0	10	0	HIKER	708	n/a	1	n/a	n/a	n/a	n/a	n/a
2318.392	n/a	REC_WORD	1159196	wordpools/wasnorm_wordpool_less_exclusions.txt	LTP255	ltpFR	0	10	0	CACTUS	215	n/a	3	n/a	n/a	n/a	n/a	n/a
2327.454	n/a	WORD	1163727	wordpools/wasnorm_wordpool_less_exclusions.txt	LTP255	ltpFR	0	11	0	OPERATOR	979	n/a	1	1	0.412841796875	0.57763671875	lower	../fonts/zerothre.ttf
2331.47	n/a	WORD	1165735	wordpools/wasnorm_wordpool_less_exclusions.txt	LTP255	ltpFR	0	11	0	SWITCH	1422	n/a	0	1	0.412841796875	0.57763671875	lower	../fonts/zerothre.ttf
2335.318	n/a	WORD	1167659	wordpools/wasnorm_wordpool_less_exclusions.txt	LTP255	ltpFR	0	11	0	NITROGEN	954	n/a	0	1	0.412841796875	0.57763671875	lower	../fonts/zerothre.ttf
2339.348	n/a	WORD	1169674	wordpools/wasnorm_wordpool_less_exclusions.txt	LTP255	ltpFR	0	11	0	JEEP	753	n/a	1	1	0.412841796875	0.57763671875	lower	../fonts/zerothre.ttf
2343.23	n/a	WORD	1171615	wordpools/wasnorm_wordpool_less_exclusions.txt	LTP255	ltpFR	0	11	0	SUN	1406	n/a	1	1	0.412841796875	0.57763671875	lower	../fonts/zerothre.ttf
2347.278	n/a	WORD	1173639	wordpools/wasnorm_wordpool_less_exclusions.txt	LTP255	ltpFR	0	11	0	CHEMICAL	291	n/a	0	1	0.412841796875	0.57763671875	lower	../fonts/zerothre.ttf
2351.176	n/a	WORD	1175588	wordpools/wasnorm_wordpool_less_exclusions.txt	LTP255	ltpFR	0	11	0	MICROSCOPE	891	n/a	1	1	0.412841796875	0.57763671875	lower	../fonts/zerothre.ttf
2355.326	n/a	WORD	1177663	wordpools/wasnorm_wordpool_less_exclusions.txt	LTP255	ltpFR	0	11	0	FREEWAY	603	n/a	1	1	0.412841796875	0.57763671875	lower	../fonts/zerothre.ttf
2359.544	n/a	WORD	1179772	wordpools/wasnorm_wordpool_less_exclusions.txt	LTP255	ltpFR	0	11	0	SPRINKLE	1359	n/a	0	1	0.412841796875	0.57763671875	lower	../fonts/zerothre.ttf
2363.676	n/a	WORD	1181838	wordpools/wasnorm_wordpool_less_exclusions.txt	LTP255	ltpFR	0	11	0	SWIMMER	1420	n/a	1	1	0.412841796875	0.57763671875	lower	../fonts/zerothre.ttf
2367.724	n/a	WORD	1183862	wordpools/wasnorm_wordpool_less_exclusions.txt	LTP255	ltpFR	0	11	0	TAR	1435	n/a	0	1	0.412841796875	0.57763671875	lower	../fonts/zerothre.ttf
2371.59	n/a	WORD	1185795	wordpools/wasnorm_wordpool_less_exclusions.txt	LTP255	ltpFR	0	11	0	CEILING	265	n/a	1	1	0.412841796875	0.57763671875	lower	../fonts/zerothre.ttf
2375.622	n/a	WORD	1187811	wordpools/wasnorm_wordpool_less_exclusions.txt	LTP255	ltpFR	0	11	0	RAISIN	1163	n/a	0	1	0.412841796875	0.57763671875	lower	../fonts/zerothre.ttf
2379.536	n/a	WORD	1189768	wordpools/wasnorm_wordpool_less_exclusions.txt	LTP255	ltpFR	0	11	0	GLOVE	642	n/a	0	1	0.412841796875	0.57763671875	lower	../fonts/zerothre.ttf
2383.502	n/a	WORD	1191751	wordpools/wasnorm_wordpool_less_exclusions.txt	LTP255	ltpFR	0	11	0	CIGARETTE	309	n/a	0	1	0.412841796875	0.57763671875	lower	../fonts/zerothre.ttf
2387.332	n/a	WORD	1193666	wordpools/wasnorm_wordpool_less_exclusions.txt	LTP255	ltpFR	0	11	0	PIPE	1073	n/a	0	1	0.412841796875	0.57763671875	lower	../fonts/zerothre.ttf
2393.29	n/a	REC_START	1196645	n/a	LTP255	ltpFR	0	11	n/a	n/a	n/a	n/a	n/a	n/a	n/a	n/a	n/a	n/a
2394.102	n/a	REC_WORD	1197051	wordpools/wasnorm_wordpool_less_exclusions.txt	LTP255	ltpFR	0	11	0	RAISIN	1163	n/a	0	n/a	n/a	n/a	n/a	n/a
2395.034	n/a	REC_WORD	1197517	wordpools/wasnorm_wordpool_less_exclusions.txt	LTP255	ltpFR	0	11	0	GLOVE	642	n/a	0	n/a	n/a	n/a	n/a	n/a
2395.912	n/a	REC_WORD	1197956	wordpools/wasnorm_wordpool_less_exclusions.txt	LTP255	ltpFR	0	11	0	CIGARETTE	309	n/a	0	n/a	n/a	n/a	n/a	n/a
2397.324	n/a	REC_WORD	1198662	wordpools/wasnorm_wordpool_less_exclusions.txt	LTP255	ltpFR	0	11	0	PIPE	1073	n/a	0	n/a	n/a	n/a	n/a	n/a
2398.954	n/a	REC_WORD	1199477	wordpools/wasnorm_wordpool_less_exclusions.txt	LTP255	ltpFR	0	11	0	JEEP	753	n/a	1	n/a	n/a	n/a	n/a	n/a
2400.184	n/a	REC_WORD	1200092	wordpools/wasnorm_wordpool_less_exclusions.txt	LTP255	ltpFR	0	11	0	TAR	1435	n/a	0	n/a	n/a	n/a	n/a	n/a
2401.694	n/a	REC_WORD	1200847	wordpools/wasnorm_wordpool_less_exclusions.txt	LTP255	ltpFR	0	11	0	CEILING	265	n/a	1	n/a	n/a	n/a	n/a	n/a
2415.546	n/a	REC_WORD	1207773	wordpools/wasnorm_wordpool_less_exclusions.txt	LTP255	ltpFR	0	11	0	OPERATOR	979	n/a	1	n/a	n/a	n/a	n/a	n/a
2472.24	n/a	WORD	1236120	wordpools/wasnorm_wordpool_less_exclusions.txt	LTP255	ltpFR	0	12	0	POSSUM	1112	n/a	0	1	0.412841796875	0.57763671875	lower	../fonts/zerothre.ttf
2476.322	n/a	WORD	1238161	wordpools/wasnorm_wordpool_less_exclusions.txt	LTP255	ltpFR	0	12	0	TORTOISE	1486	n/a	1	1	0.412841796875	0.57763671875	lower	../fonts/zerothre.ttf
2480.506	n/a	WORD	1240253	wordpools/wasnorm_wordpool_less_exclusions.txt	LTP255	ltpFR	0	12	0	BANQUET	86	n/a	1	1	0.412841796875	0.57763671875	lower	../fonts/zerothre.ttf
2484.72	n/a	WORD	1242360	wordpools/wasnorm_wordpool_less_exclusions.txt	LTP255	ltpFR	0	12	0	PALM	1007	n/a	1	1	0.412841796875	0.57763671875	lower	../fonts/zerothre.ttf
2488.57	n/a	WORD	1244285	wordpools/wasnorm_wordpool_less_exclusions.txt	LTP255	ltpFR	0	12	0	BANJO	82	n/a	1	1	0.412841796875	0.57763671875	lower	../fonts/zerothre.ttf
2492.552	n/a	WORD	1246276	wordpools/wasnorm_wordpool_less_exclusions.txt	LTP255	ltpFR	0	12	0	JUG	762	n/a	0	1	0.412841796875	0.57763671875	lower	../fonts/zerothre.ttf
2496.618	n/a	WORD	1248309	wordpools/wasnorm_wordpool_less_exclusions.txt	LTP255	ltpFR	0	12	0	CHIP	303	n/a	0	1	0.412841796875	0.57763671875	lower	../fonts/zerothre.ttf
2500.482	n/a	WORD	1250241	wordpools/wasnorm_wordpool_less_exclusions.txt	LTP255	ltpFR	0	12	0	SCREEN	1253	n/a	1	1	0.412841796875	0.57763671875	lower	../fonts/zerothre.ttf
2504.362	n/a	WORD	1252181	wordpools/wasnorm_wordpool_less_exclusions.txt	LTP255	ltpFR	0	12	0	DIRECTOR	471	n/a	1	1	0.412841796875	0.57763671875	lower	../fonts/zerothre.ttf
2508.462	n/a	WORD	1254231	wordpools/wasnorm_wordpool_less_exclusions.txt	LTP255	ltpFR	0	12	0	STAPLER	1372	n/a	0	1	0.412841796875	0.57763671875	lower	../fonts/zerothre.ttf
2512.644	n/a	WORD	1256322	wordpools/wasnorm_wordpool_less_exclusions.txt	LTP255	ltpFR	0	12	0	SAP	1233	n/a	0	1	0.412841796875	0.57763671875	lower	../fonts/zerothre.ttf
2516.526	n/a	WORD	1258263	wordpools/wasnorm_wordpool_less_exclusions.txt	LTP255	ltpFR	0	12	0	OAR	966	n/a	1	1	0.412841796875	0.57763671875	lower	../fonts/zerothre.ttf
2520.526	n/a	WORD	1260263	wordpools/wasnorm_wordpool_less_exclusions.txt	LTP255	ltpFR	0	12	0	RECEIPT	1173	n/a	0	1	0.412841796875	0.57763671875	lower	../fonts/zerothre.ttf
2524.624	n/a	WORD	1262312	wordpools/wasnorm_wordpool_less_exclusions.txt	LTP255	ltpFR	0	12	0	DINER	467	n/a	1	1	0.412841796875	0.57763671875	lower	../fonts/zerothre.ttf
2528.656	n/a	WORD	1264328	wordpools/wasnorm_wordpool_less_exclusions.txt	LTP255	ltpFR	0	12	0	NOTEBOOK	959	n/a	0	1	0.412841796875	0.57763671875	lower	../fonts/zerothre.ttf
2532.538	n/a	WORD	1266269	wordpools/wasnorm_wordpool_less_exclusions.txt	LTP255	ltpFR	0	12	0	DIPLOMA	470	n/a	0	1	0.412841796875	0.57763671875	lower	../fonts/zerothre.ttf
2538.426	n/a	REC_START	1269213	n/a	LTP255	ltpFR	0	12	n/a	n/a	n/a	n/a	n/a	n/a	n/a	n/a	n/a	n/a
2539.28	n/a	REC_WORD	1269640	wordpools/wasnorm_wordpool_less_exclusions.txt	LTP255	ltpFR	0	12	0	DINER	467	n/a	1	n/a	n/a	n/a	n/a	n/a
2540.238	n/a	REC_WORD	1270119	wordpools/wasnorm_wordpool_less_exclusions.txt	LTP255	ltpFR	0	12	0	DIPLOMA	470	n/a	0	n/a	n/a	n/a	n/a	n/a
2541.534	n/a	REC_WORD	1270767	wordpools/wasnorm_wordpool_less_exclusions.txt	LTP255	ltpFR	0	12	0	NOTEBOOK	959	n/a	0	n/a	n/a	n/a	n/a	n/a
2543.09	n/a	REC_WORD	1271545	wordpools/wasnorm_wordpool_less_exclusions.txt	LTP255	ltpFR	0	12	0	OAR	966	n/a	1	n/a	n/a	n/a	n/a	n/a
2548.192	n/a	REC_WORD	1274096	wordpools/wasnorm_wordpool_less_exclusions.txt	LTP255	ltpFR	0	12	0	BANJO	82	n/a	1	n/a	n/a	n/a	n/a	n/a
2550.018	n/a	REC_WORD	1275009	wordpools/wasnorm_wordpool_less_exclusions.txt	LTP255	ltpFR	0	12	0	PALM	1007	n/a	1	n/a	n/a	n/a	n/a	n/a
