mstime	trial_type	stim_file	subject	experiment	session	trial	task	item_name	item_num	recog_conf	resp	color_b	color_g	color_r	case	font
0	SESS_START	n/a	LTP273	ltpFR	2	n/a	n/a	n/a	n/a	n/a	n/a	n/a	n/a	n/a	n/a	n/a
623252	SESS_START	n/a	LTP273	ltpFR	2	n/a	n/a	n/a	n/a	n/a	n/a	n/a	n/a	n/a	n/a	n/a
765643	WORD	wordpools/wasnorm_wordpool_less_exclusions.txt	LTP273	ltpFR	2	1	0	CLAW	319	n/a	1	0	0.5869140625	0.422607421875	upper	../fonts/zerothre.ttf
769832	WORD	wordpools/wasnorm_wordpool_less_exclusions.txt	LTP273	ltpFR	2	1	0	SHED	1277	n/a	1	0	0.5869140625	0.422607421875	upper	../fonts/zerothre.ttf
773981	WORD	wordpools/wasnorm_wordpool_less_exclusions.txt	LTP273	ltpFR	2	1	1	DANDRUFF	439	n/a	0	1	0.412841796875	0.57763671875	lower	../fonts/amplitud.ttf
777862	WORD	wordpools/wasnorm_wordpool_less_exclusions.txt	LTP273	ltpFR	2	1	1	VIKING	1565	n/a	1	1	0.412841796875	0.57763671875	lower	../fonts/amplitud.ttf
782072	WORD	wordpools/wasnorm_wordpool_less_exclusions.txt	LTP273	ltpFR	2	1	1	DOCK	477	n/a	0	1	0.412841796875	0.57763671875	lower	../fonts/amplitud.ttf
786020	WORD	wordpools/wasnorm_wordpool_less_exclusions.txt	LTP273	ltpFR	2	1	1	APARTMENT	30	n/a	0	1	0.412841796875	0.57763671875	lower	../fonts/amplitud.ttf
789900	WORD	wordpools/wasnorm_wordpool_less_exclusions.txt	LTP273	ltpFR	2	1	0	ROOST	1208	n/a	1	0	0.5869140625	0.422607421875	upper	../fonts/zerothre.ttf
794024	WORD	wordpools/wasnorm_wordpool_less_exclusions.txt	LTP273	ltpFR	2	1	0	CUBE	420	n/a	0	0	0.5869140625	0.422607421875	upper	../fonts/zerothre.ttf
797921	WORD	wordpools/wasnorm_wordpool_less_exclusions.txt	LTP273	ltpFR	2	1	0	CITRUS	313	n/a	0	0	0.5869140625	0.422607421875	upper	../fonts/zerothre.ttf
801786	WORD	wordpools/wasnorm_wordpool_less_exclusions.txt	LTP273	ltpFR	2	1	0	RAISIN	1163	n/a	0	0	0.5869140625	0.422607421875	upper	../fonts/zerothre.ttf
805618	WORD	wordpools/wasnorm_wordpool_less_exclusions.txt	LTP273	ltpFR	2	1	1	INSECT	740	n/a	1	1	0.412841796875	0.57763671875	lower	../fonts/amplitud.ttf
809749	WORD	wordpools/wasnorm_wordpool_less_exclusions.txt	LTP273	ltpFR	2	1	1	HOME	712	n/a	0	1	0.412841796875	0.57763671875	lower	../fonts/amplitud.ttf
813941	WORD	wordpools/wasnorm_wordpool_less_exclusions.txt	LTP273	ltpFR	2	1	1	BAKER	71	n/a	1	1	0.412841796875	0.57763671875	lower	../fonts/amplitud.ttf
817813	WORD	wordpools/wasnorm_wordpool_less_exclusions.txt	LTP273	ltpFR	2	1	1	PANTHER	1009	n/a	1	1	0.412841796875	0.57763671875	lower	../fonts/amplitud.ttf
821744	WORD	wordpools/wasnorm_wordpool_less_exclusions.txt	LTP273	ltpFR	2	1	0	DUCK	504	n/a	1	0	0.5869140625	0.422607421875	upper	../fonts/zerothre.ttf
825603	WORD	wordpools/wasnorm_wordpool_less_exclusions.txt	LTP273	ltpFR	2	1	0	OZONE	996	n/a	1	0	0.5869140625	0.422607421875	upper	../fonts/zerothre.ttf
831326	REC_START	n/a	LTP273	ltpFR	2	1	n/a	n/a	n/a	n/a	n/a	n/a	n/a	n/a	n/a	n/a
833165	REC_WORD	wordpools/wasnorm_wordpool_less_exclusions.txt	LTP273	ltpFR	2	1	0	ROOST	1208	n/a	1	n/a	n/a	n/a	n/a	n/a
834233	REC_WORD	wordpools/wasnorm_wordpool_less_exclusions.txt	LTP273	ltpFR	2	1	0	DUCK	504	n/a	1	n/a	n/a	n/a	n/a	n/a
834988	REC_WORD	wordpools/wasnorm_wordpool_less_exclusions.txt	LTP273	ltpFR	2	1	1	PANTHER	1009	n/a	1	n/a	n/a	n/a	n/a	n/a
837993	REC_WORD	wordpools/wasnorm_wordpool_less_exclusions.txt	LTP273	ltpFR	2	1	0	OZONE	996	n/a	1	n/a	n/a	n/a	n/a	n/a
840439	REC_WORD	wordpools/wasnorm_wordpool_less_exclusions.txt	LTP273	ltpFR	2	1	1	HOME	712	n/a	0	n/a	n/a	n/a	n/a	n/a
842304	REC_WORD	wordpools/wasnorm_wordpool_less_exclusions.txt	LTP273	ltpFR	2	1	0	RAISIN	1163	n/a	0	n/a	n/a	n/a	n/a	n/a
850070	REC_WORD	wordpools/wasnorm_wordpool_less_exclusions.txt	LTP273	ltpFR	2	1	1	DOCK	477	n/a	0	n/a	n/a	n/a	n/a	n/a
871459	REC_WORD	wordpools/wasnorm_wordpool_less_exclusions.txt	LTP273	ltpFR	2	1	0	DUCK	504	n/a	1	n/a	n/a	n/a	n/a	n/a
881363	REC_WORD	wordpools/wasnorm_wordpool_less_exclusions.txt	LTP273	ltpFR	2	1	1	DANDRUFF	439	n/a	0	n/a	n/a	n/a	n/a	n/a
890455	REC_WORD	wordpools/wasnorm_wordpool_less_exclusions.txt	LTP273	ltpFR	2	1	0	CUBE	420	n/a	0	n/a	n/a	n/a	n/a	n/a
917933	WORD	wordpools/wasnorm_wordpool_less_exclusions.txt	LTP273	ltpFR	2	2	1	FLESH	579	n/a	1	1	0.412841796875	0.57763671875	lower	../fonts/amplitud.ttf
921965	WORD	wordpools/wasnorm_wordpool_less_exclusions.txt	LTP273	ltpFR	2	2	1	CLOCK	325	n/a	0	1	0.412841796875	0.57763671875	lower	../fonts/amplitud.ttf
926081	WORD	wordpools/wasnorm_wordpool_less_exclusions.txt	LTP273	ltpFR	2	2	0	CHEF	290	n/a	1	0	0.5869140625	0.422607421875	upper	../fonts/zerothre.ttf
930063	WORD	wordpools/wasnorm_wordpool_less_exclusions.txt	LTP273	ltpFR	2	2	0	BEAN	105	n/a	0	0	0.5869140625	0.422607421875	upper	../fonts/zerothre.ttf
934286	WORD	wordpools/wasnorm_wordpool_less_exclusions.txt	LTP273	ltpFR	2	2	1	LEAF	808	n/a	0	1	0.412841796875	0.57763671875	lower	../fonts/amplitud.ttf
938167	WORD	wordpools/wasnorm_wordpool_less_exclusions.txt	LTP273	ltpFR	2	2	1	SAP	1233	n/a	0	1	0.412841796875	0.57763671875	lower	../fonts/amplitud.ttf
942041	WORD	wordpools/wasnorm_wordpool_less_exclusions.txt	LTP273	ltpFR	2	2	1	FRECKLE	602	n/a	0	1	0.412841796875	0.57763671875	lower	../fonts/amplitud.ttf
946080	WORD	wordpools/wasnorm_wordpool_less_exclusions.txt	LTP273	ltpFR	2	2	1	DAISY	435	n/a	1	1	0.412841796875	0.57763671875	lower	../fonts/amplitud.ttf
949920	WORD	wordpools/wasnorm_wordpool_less_exclusions.txt	LTP273	ltpFR	2	2	1	PAD	998	n/a	0	1	0.412841796875	0.57763671875	lower	../fonts/amplitud.ttf
953959	WORD	wordpools/wasnorm_wordpool_less_exclusions.txt	LTP273	ltpFR	2	2	1	PORPOISE	1109	n/a	1	1	0.412841796875	0.57763671875	lower	../fonts/amplitud.ttf
958143	WORD	wordpools/wasnorm_wordpool_less_exclusions.txt	LTP273	ltpFR	2	2	0	FINGER	567	n/a	0	0	0.5869140625	0.422607421875	upper	../fonts/zerothre.ttf
962100	WORD	wordpools/wasnorm_wordpool_less_exclusions.txt	LTP273	ltpFR	2	2	0	CAGE	218	n/a	0	0	0.5869140625	0.422607421875	upper	../fonts/zerothre.ttf
966166	WORD	wordpools/wasnorm_wordpool_less_exclusions.txt	LTP273	ltpFR	2	2	0	FOX	598	n/a	1	0	0.5869140625	0.422607421875	upper	../fonts/zerothre.ttf
970004	WORD	wordpools/wasnorm_wordpool_less_exclusions.txt	LTP273	ltpFR	2	2	0	FLOWER	584	n/a	0	0	0.5869140625	0.422607421875	upper	../fonts/zerothre.ttf
974086	WORD	wordpools/wasnorm_wordpool_less_exclusions.txt	LTP273	ltpFR	2	2	0	TYPEWRITER	1531	n/a	1	0	0.5869140625	0.422607421875	upper	../fonts/zerothre.ttf
978235	WORD	wordpools/wasnorm_wordpool_less_exclusions.txt	LTP273	ltpFR	2	2	0	NEWSPAPER	948	n/a	1	0	0.5869140625	0.422607421875	upper	../fonts/zerothre.ttf
984125	REC_START	n/a	LTP273	ltpFR	2	2	n/a	n/a	n/a	n/a	n/a	n/a	n/a	n/a	n/a	n/a
986917	REC_WORD	wordpools/wasnorm_wordpool_less_exclusions.txt	LTP273	ltpFR	2	2	0	NEWSPAPER	948	n/a	1	n/a	n/a	n/a	n/a	n/a
987796	REC_WORD	wordpools/wasnorm_wordpool_less_exclusions.txt	LTP273	ltpFR	2	2	0	FOX	598	n/a	1	n/a	n/a	n/a	n/a	n/a
988675	REC_WORD	wordpools/wasnorm_wordpool_less_exclusions.txt	LTP273	ltpFR	2	2	1	FLESH	579	n/a	1	n/a	n/a	n/a	n/a	n/a
989852	REC_WORD	wordpools/wasnorm_wordpool_less_exclusions.txt	LTP273	ltpFR	2	2	1	PORPOISE	1109	n/a	1	n/a	n/a	n/a	n/a	n/a
996763	REC_WORD	wordpools/wasnorm_wordpool_less_exclusions.txt	LTP273	ltpFR	2	2	1	FRECKLE	602	n/a	0	n/a	n/a	n/a	n/a	n/a
999681	REC_WORD	wordpools/wasnorm_wordpool_less_exclusions.txt	LTP273	ltpFR	2	2	1	FLESH	579	n/a	1	n/a	n/a	n/a	n/a	n/a
1031417	REC_WORD	wordpools/wasnorm_wordpool_less_exclusions.txt	LTP273	ltpFR	2	2	0	FOX	598	n/a	1	n/a	n/a	n/a	n/a	n/a
1039178	REC_WORD	wordpools/wasnorm_wordpool_less_exclusions.txt	LTP273	ltpFR	2	2	1	PANTHER	1009	n/a	1	n/a	n/a	n/a	n/a	n/a
1068926	WORD	wordpools/wasnorm_wordpool_less_exclusions.txt	LTP273	ltpFR	2	3	1	COACH	331	n/a	1	1	0.412841796875	0.57763671875	lower	../fonts/amplitud.ttf
1072891	WORD	wordpools/wasnorm_wordpool_less_exclusions.txt	LTP273	ltpFR	2	3	1	STUMP	1396	n/a	0	1	0.412841796875	0.57763671875	lower	../fonts/amplitud.ttf
1076989	WORD	wordpools/wasnorm_wordpool_less_exclusions.txt	LTP273	ltpFR	2	3	1	MANAGER	863	n/a	1	1	0.412841796875	0.57763671875	lower	../fonts/amplitud.ttf
1080971	WORD	wordpools/wasnorm_wordpool_less_exclusions.txt	LTP273	ltpFR	2	3	1	EMPLOYEE	531	n/a	1	1	0.412841796875	0.57763671875	lower	../fonts/amplitud.ttf
1084953	WORD	wordpools/wasnorm_wordpool_less_exclusions.txt	LTP273	ltpFR	2	3	0	CONTINENT	367	n/a	1	0	0.5869140625	0.422607421875	upper	../fonts/zerothre.ttf
1089120	WORD	wordpools/wasnorm_wordpool_less_exclusions.txt	LTP273	ltpFR	2	3	0	TELESCOPE	1446	n/a	1	0	0.5869140625	0.422607421875	upper	../fonts/zerothre.ttf
1093218	WORD	wordpools/wasnorm_wordpool_less_exclusions.txt	LTP273	ltpFR	2	3	0	STALLION	1369	n/a	1	0	0.5869140625	0.422607421875	upper	../fonts/zerothre.ttf
1097317	WORD	wordpools/wasnorm_wordpool_less_exclusions.txt	LTP273	ltpFR	2	3	0	ZEBRA	1635	n/a	1	0	0.5869140625	0.422607421875	upper	../fonts/zerothre.ttf
1101382	WORD	wordpools/wasnorm_wordpool_less_exclusions.txt	LTP273	ltpFR	2	3	0	STRING	1394	n/a	0	0	0.5869140625	0.422607421875	upper	../fonts/zerothre.ttf
1105582	WORD	wordpools/wasnorm_wordpool_less_exclusions.txt	LTP273	ltpFR	2	3	0	WHIP	1604	n/a	0	0	0.5869140625	0.422607421875	upper	../fonts/zerothre.ttf
1109714	WORD	wordpools/wasnorm_wordpool_less_exclusions.txt	LTP273	ltpFR	2	3	1	PLANT	1083	n/a	1	1	0.412841796875	0.57763671875	lower	../fonts/amplitud.ttf
1113761	WORD	wordpools/wasnorm_wordpool_less_exclusions.txt	LTP273	ltpFR	2	3	1	SOFTBALL	1343	n/a	0	1	0.412841796875	0.57763671875	lower	../fonts/amplitud.ttf
1117843	WORD	wordpools/wasnorm_wordpool_less_exclusions.txt	LTP273	ltpFR	2	3	0	TEAM	1441	n/a	1	0	0.5869140625	0.422607421875	upper	../fonts/zerothre.ttf
1121842	WORD	wordpools/wasnorm_wordpool_less_exclusions.txt	LTP273	ltpFR	2	3	0	HAY	693	n/a	1	0	0.5869140625	0.422607421875	upper	../fonts/zerothre.ttf
1125766	WORD	wordpools/wasnorm_wordpool_less_exclusions.txt	LTP273	ltpFR	2	3	1	HAT	690	n/a	0	1	0.412841796875	0.57763671875	lower	../fonts/amplitud.ttf
1129781	WORD	wordpools/wasnorm_wordpool_less_exclusions.txt	LTP273	ltpFR	2	3	1	COLLAR	345	n/a	0	1	0.412841796875	0.57763671875	lower	../fonts/amplitud.ttf
1135706	REC_START	n/a	LTP273	ltpFR	2	3	n/a	n/a	n/a	n/a	n/a	n/a	n/a	n/a	n/a	n/a
1137359	REC_WORD	wordpools/wasnorm_wordpool_less_exclusions.txt	LTP273	ltpFR	2	3	1	HAT	690	n/a	0	n/a	n/a	n/a	n/a	n/a
1138120	REC_WORD	wordpools/wasnorm_wordpool_less_exclusions.txt	LTP273	ltpFR	2	3	1	COLLAR	345	n/a	0	n/a	n/a	n/a	n/a	n/a
1139523	REC_WORD	wordpools/wasnorm_wordpool_less_exclusions.txt	LTP273	ltpFR	2	3	0	TEAM	1441	n/a	1	n/a	n/a	n/a	n/a	n/a
1141787	REC_WORD	wordpools/wasnorm_wordpool_less_exclusions.txt	LTP273	ltpFR	2	3	1	MANAGER	863	n/a	1	n/a	n/a	n/a	n/a	n/a
1178489	REC_WORD	wordpools/wasnorm_wordpool_less_exclusions.txt	LTP273	ltpFR	2	3	0	WHIP	1604	n/a	0	n/a	n/a	n/a	n/a	n/a
1202285	REC_WORD	wordpools/wasnorm_wordpool_less_exclusions.txt	LTP273	ltpFR	2	3	0	ZEBRA	1635	n/a	1	n/a	n/a	n/a	n/a	n/a
1226337	WORD	wordpools/wasnorm_wordpool_less_exclusions.txt	LTP273	ltpFR	2	4	1	COTTAGE	384	n/a	1	1	0.412841796875	0.57763671875	lower	../fonts/amplitud.ttf
1230318	WORD	wordpools/wasnorm_wordpool_less_exclusions.txt	LTP273	ltpFR	2	4	1	SHINGLE	1285	n/a	0	1	0.412841796875	0.57763671875	lower	../fonts/amplitud.ttf
1234518	WORD	wordpools/wasnorm_wordpool_less_exclusions.txt	LTP273	ltpFR	2	4	1	INSTRUCTOR	741	n/a	1	1	0.412841796875	0.57763671875	lower	../fonts/amplitud.ttf
1238633	WORD	wordpools/wasnorm_wordpool_less_exclusions.txt	LTP273	ltpFR	2	4	1	STAFF	1365	n/a	1	1	0.412841796875	0.57763671875	lower	../fonts/amplitud.ttf
1242631	WORD	wordpools/wasnorm_wordpool_less_exclusions.txt	LTP273	ltpFR	2	4	1	DASHBOARD	441	n/a	0	1	0.412841796875	0.57763671875	lower	../fonts/amplitud.ttf
1246463	WORD	wordpools/wasnorm_wordpool_less_exclusions.txt	LTP273	ltpFR	2	4	1	CASH	252	n/a	0	1	0.412841796875	0.57763671875	lower	../fonts/amplitud.ttf
1250411	WORD	wordpools/wasnorm_wordpool_less_exclusions.txt	LTP273	ltpFR	2	4	1	RUM	1217	n/a	0	1	0.412841796875	0.57763671875	lower	../fonts/amplitud.ttf
1254443	WORD	wordpools/wasnorm_wordpool_less_exclusions.txt	LTP273	ltpFR	2	4	1	COOKBOOK	373	n/a	0	1	0.412841796875	0.57763671875	lower	../fonts/amplitud.ttf
1258417	WORD	wordpools/wasnorm_wordpool_less_exclusions.txt	LTP273	ltpFR	2	4	1	NICKEL	950	n/a	0	1	0.412841796875	0.57763671875	lower	../fonts/amplitud.ttf
1262406	WORD	wordpools/wasnorm_wordpool_less_exclusions.txt	LTP273	ltpFR	2	4	1	SALOON	1228	n/a	0	1	0.412841796875	0.57763671875	lower	../fonts/amplitud.ttf
1266280	WORD	wordpools/wasnorm_wordpool_less_exclusions.txt	LTP273	ltpFR	2	4	1	PEPPER	1047	n/a	0	1	0.412841796875	0.57763671875	lower	../fonts/amplitud.ttf
1270329	WORD	wordpools/wasnorm_wordpool_less_exclusions.txt	LTP273	ltpFR	2	4	1	DAUGHTER	442	n/a	1	1	0.412841796875	0.57763671875	lower	../fonts/amplitud.ttf
1274435	WORD	wordpools/wasnorm_wordpool_less_exclusions.txt	LTP273	ltpFR	2	4	1	REFEREE	1178	n/a	1	1	0.412841796875	0.57763671875	lower	../fonts/amplitud.ttf
1278299	WORD	wordpools/wasnorm_wordpool_less_exclusions.txt	LTP273	ltpFR	2	4	1	CIGAR	308	n/a	0	1	0.412841796875	0.57763671875	lower	../fonts/amplitud.ttf
1282391	WORD	wordpools/wasnorm_wordpool_less_exclusions.txt	LTP273	ltpFR	2	4	1	TIGER	1467	n/a	1	1	0.412841796875	0.57763671875	lower	../fonts/amplitud.ttf
1286597	WORD	wordpools/wasnorm_wordpool_less_exclusions.txt	LTP273	ltpFR	2	4	1	DOG	480	n/a	1	1	0.412841796875	0.57763671875	lower	../fonts/amplitud.ttf
1292580	REC_START	n/a	LTP273	ltpFR	2	4	n/a	n/a	n/a	n/a	n/a	n/a	n/a	n/a	n/a	n/a
1297921	REC_WORD	wordpools/wasnorm_wordpool_less_exclusions.txt	LTP273	ltpFR	2	4	1	STAFF	1365	n/a	1	n/a	n/a	n/a	n/a	n/a
1301394	REC_WORD	wordpools/wasnorm_wordpool_less_exclusions.txt	LTP273	ltpFR	2	4	1	DOG	480	n/a	1	n/a	n/a	n/a	n/a	n/a
1312133	REC_WORD	wordpools/wasnorm_wordpool_less_exclusions.txt	LTP273	ltpFR	2	4	1	TIGER	1467	n/a	1	n/a	n/a	n/a	n/a	n/a
1320548	REC_WORD	wordpools/wasnorm_wordpool_less_exclusions.txt	LTP273	ltpFR	2	4	1	DAUGHTER	442	n/a	1	n/a	n/a	n/a	n/a	n/a
1382869	WORD	wordpools/wasnorm_wordpool_less_exclusions.txt	LTP273	ltpFR	2	5	0	AUTHOR	61	n/a	1	0	0.5869140625	0.422607421875	upper	../fonts/zerothre.ttf
1386900	WORD	wordpools/wasnorm_wordpool_less_exclusions.txt	LTP273	ltpFR	2	5	0	BILL	126	n/a	0	0	0.5869140625	0.422607421875	upper	../fonts/zerothre.ttf
1391007	WORD	wordpools/wasnorm_wordpool_less_exclusions.txt	LTP273	ltpFR	2	5	0	WIRE	1616	n/a	0	0	0.5869140625	0.422607421875	upper	../fonts/zerothre.ttf
1395206	WORD	wordpools/wasnorm_wordpool_less_exclusions.txt	LTP273	ltpFR	2	5	0	CHARCOAL	281	n/a	0	0	0.5869140625	0.422607421875	upper	../fonts/zerothre.ttf
1399382	WORD	wordpools/wasnorm_wordpool_less_exclusions.txt	LTP273	ltpFR	2	5	0	CARAVAN	242	n/a	1	0	0.5869140625	0.422607421875	upper	../fonts/zerothre.ttf
1403581	WORD	wordpools/wasnorm_wordpool_less_exclusions.txt	LTP273	ltpFR	2	5	0	ASIA	46	n/a	1	0	0.5869140625	0.422607421875	upper	../fonts/zerothre.ttf
1407462	WORD	wordpools/wasnorm_wordpool_less_exclusions.txt	LTP273	ltpFR	2	5	0	AFRICA	9	n/a	1	0	0.5869140625	0.422607421875	upper	../fonts/zerothre.ttf
1411301	WORD	wordpools/wasnorm_wordpool_less_exclusions.txt	LTP273	ltpFR	2	5	0	SALESMAN	1225	n/a	1	0	0.5869140625	0.422607421875	upper	../fonts/zerothre.ttf
1415349	WORD	wordpools/wasnorm_wordpool_less_exclusions.txt	LTP273	ltpFR	2	5	0	RAIL	1161	n/a	1	0	0.5869140625	0.422607421875	upper	../fonts/zerothre.ttf
1419491	WORD	wordpools/wasnorm_wordpool_less_exclusions.txt	LTP273	ltpFR	2	5	0	DART	440	n/a	0	0	0.5869140625	0.422607421875	upper	../fonts/zerothre.ttf
1423657	WORD	wordpools/wasnorm_wordpool_less_exclusions.txt	LTP273	ltpFR	2	5	0	GLACIER	638	n/a	1	0	0.5869140625	0.422607421875	upper	../fonts/zerothre.ttf
1427655	WORD	wordpools/wasnorm_wordpool_less_exclusions.txt	LTP273	ltpFR	2	5	0	BINDER	127	n/a	0	0	0.5869140625	0.422607421875	upper	../fonts/zerothre.ttf
1431760	WORD	wordpools/wasnorm_wordpool_less_exclusions.txt	LTP273	ltpFR	2	5	0	TURKEY	1520	n/a	1	0	0.5869140625	0.422607421875	upper	../fonts/zerothre.ttf
1435768	WORD	wordpools/wasnorm_wordpool_less_exclusions.txt	LTP273	ltpFR	2	5	0	TOWEL	1489	n/a	0	0	0.5869140625	0.422607421875	upper	../fonts/zerothre.ttf
1439633	WORD	wordpools/wasnorm_wordpool_less_exclusions.txt	LTP273	ltpFR	2	5	0	BOARD	143	n/a	1	0	0.5869140625	0.422607421875	upper	../fonts/zerothre.ttf
1443722	WORD	wordpools/wasnorm_wordpool_less_exclusions.txt	LTP273	ltpFR	2	5	0	TOY	1492	n/a	0	0	0.5869140625	0.422607421875	upper	../fonts/zerothre.ttf
1449479	REC_START	n/a	LTP273	ltpFR	2	5	n/a	n/a	n/a	n/a	n/a	n/a	n/a	n/a	n/a	n/a
1451003	REC_WORD	wordpools/wasnorm_wordpool_less_exclusions.txt	LTP273	ltpFR	2	5	0	AUTHOR	61	n/a	1	n/a	n/a	n/a	n/a	n/a
1451666	REC_WORD	wordpools/wasnorm_wordpool_less_exclusions.txt	LTP273	ltpFR	2	5	0	CHARCOAL	281	n/a	0	n/a	n/a	n/a	n/a	n/a
1452510	REC_WORD	wordpools/wasnorm_wordpool_less_exclusions.txt	LTP273	ltpFR	2	5	0	CARAVAN	242	n/a	1	n/a	n/a	n/a	n/a	n/a
1453417	REC_WORD	wordpools/wasnorm_wordpool_less_exclusions.txt	LTP273	ltpFR	2	5	0	ASIA	46	n/a	1	n/a	n/a	n/a	n/a	n/a
1454366	REC_WORD	wordpools/wasnorm_wordpool_less_exclusions.txt	LTP273	ltpFR	2	5	0	AFRICA	9	n/a	1	n/a	n/a	n/a	n/a	n/a
1474734	REC_WORD	wordpools/wasnorm_wordpool_less_exclusions.txt	LTP273	ltpFR	2	5	0	TOY	1492	n/a	0	n/a	n/a	n/a	n/a	n/a
1482557	REC_WORD	wordpools/wasnorm_wordpool_less_exclusions.txt	LTP273	ltpFR	2	5	0	WIRE	1616	n/a	0	n/a	n/a	n/a	n/a	n/a
1484604	REC_WORD	wordpools/wasnorm_wordpool_less_exclusions.txt	LTP273	ltpFR	2	5	0	RAIL	1161	n/a	1	n/a	n/a	n/a	n/a	n/a
1537325	WORD	wordpools/wasnorm_wordpool_less_exclusions.txt	LTP273	ltpFR	2	6	0	MAN	862	n/a	1	0	0.5869140625	0.422607421875	upper	../fonts/zerothre.ttf
1541333	WORD	wordpools/wasnorm_wordpool_less_exclusions.txt	LTP273	ltpFR	2	6	0	MAJOR	859	n/a	0	0	0.5869140625	0.422607421875	upper	../fonts/zerothre.ttf
1545423	WORD	wordpools/wasnorm_wordpool_less_exclusions.txt	LTP273	ltpFR	2	6	0	DENIM	446	n/a	0	0	0.5869140625	0.422607421875	upper	../fonts/zerothre.ttf
1549314	WORD	wordpools/wasnorm_wordpool_less_exclusions.txt	LTP273	ltpFR	2	6	0	BOULDER	155	n/a	1	0	0.5869140625	0.422607421875	upper	../fonts/zerothre.ttf
1553169	WORD	wordpools/wasnorm_wordpool_less_exclusions.txt	LTP273	ltpFR	2	6	0	PLASTER	1085	n/a	1	0	0.5869140625	0.422607421875	upper	../fonts/zerothre.ttf
1557200	WORD	wordpools/wasnorm_wordpool_less_exclusions.txt	LTP273	ltpFR	2	6	0	TIMBER	1469	n/a	1	0	0.5869140625	0.422607421875	upper	../fonts/zerothre.ttf
1561242	WORD	wordpools/wasnorm_wordpool_less_exclusions.txt	LTP273	ltpFR	2	6	0	RUBY	1214	n/a	0	0	0.5869140625	0.422607421875	upper	../fonts/zerothre.ttf
1565214	WORD	wordpools/wasnorm_wordpool_less_exclusions.txt	LTP273	ltpFR	2	6	0	PAGE	1001	n/a	0	0	0.5869140625	0.422607421875	upper	../fonts/zerothre.ttf
1569346	WORD	wordpools/wasnorm_wordpool_less_exclusions.txt	LTP273	ltpFR	2	6	0	CABINET	212	n/a	1	0	0.5869140625	0.422607421875	upper	../fonts/zerothre.ttf
1573395	WORD	wordpools/wasnorm_wordpool_less_exclusions.txt	LTP273	ltpFR	2	6	0	MUSHROOM	934	n/a	0	0	0.5869140625	0.422607421875	upper	../fonts/zerothre.ttf
1577503	WORD	wordpools/wasnorm_wordpool_less_exclusions.txt	LTP273	ltpFR	2	6	0	BROCCOLI	176	n/a	0	0	0.5869140625	0.422607421875	upper	../fonts/zerothre.ttf
1581351	WORD	wordpools/wasnorm_wordpool_less_exclusions.txt	LTP273	ltpFR	2	6	0	STAKE	1368	n/a	0	0	0.5869140625	0.422607421875	upper	../fonts/zerothre.ttf
1585182	WORD	wordpools/wasnorm_wordpool_less_exclusions.txt	LTP273	ltpFR	2	6	0	LEG	809	n/a	1	0	0.5869140625	0.422607421875	upper	../fonts/zerothre.ttf
1589305	WORD	wordpools/wasnorm_wordpool_less_exclusions.txt	LTP273	ltpFR	2	6	0	THIGH	1457	n/a	1	0	0.5869140625	0.422607421875	upper	../fonts/zerothre.ttf
1593504	WORD	wordpools/wasnorm_wordpool_less_exclusions.txt	LTP273	ltpFR	2	6	0	MISTER	901	n/a	1	0	0.5869140625	0.422607421875	upper	../fonts/zerothre.ttf
1597553	WORD	wordpools/wasnorm_wordpool_less_exclusions.txt	LTP273	ltpFR	2	6	0	PICKLE	1059	n/a	0	0	0.5869140625	0.422607421875	upper	../fonts/zerothre.ttf
1603191	REC_START	n/a	LTP273	ltpFR	2	6	n/a	n/a	n/a	n/a	n/a	n/a	n/a	n/a	n/a	n/a
1605232	REC_WORD	wordpools/wasnorm_wordpool_less_exclusions.txt	LTP273	ltpFR	2	6	0	MAN	862	n/a	1	n/a	n/a	n/a	n/a	n/a
1605928	REC_WORD	wordpools/wasnorm_wordpool_less_exclusions.txt	LTP273	ltpFR	2	6	0	MAJOR	859	n/a	0	n/a	n/a	n/a	n/a	n/a
1606894	REC_WORD	wordpools/wasnorm_wordpool_less_exclusions.txt	LTP273	ltpFR	2	6	0	PICKLE	1059	n/a	0	n/a	n/a	n/a	n/a	n/a
1607627	REC_WORD	wordpools/wasnorm_wordpool_less_exclusions.txt	LTP273	ltpFR	2	6	0	MISTER	901	n/a	1	n/a	n/a	n/a	n/a	n/a
1710754	WORD	wordpools/wasnorm_wordpool_less_exclusions.txt	LTP273	ltpFR	2	7	-1	REINDEER	1181	n/a	-1	1	1.0	1.0	upper	../fonts/Verdana.ttf
1714637	WORD	wordpools/wasnorm_wordpool_less_exclusions.txt	LTP273	ltpFR	2	7	-1	HONEY	713	n/a	-1	1	1.0	1.0	upper	../fonts/Verdana.ttf
1718625	WORD	wordpools/wasnorm_wordpool_less_exclusions.txt	LTP273	ltpFR	2	7	-1	LAGOON	795	n/a	-1	1	1.0	1.0	upper	../fonts/Verdana.ttf
1722617	WORD	wordpools/wasnorm_wordpool_less_exclusions.txt	LTP273	ltpFR	2	7	-1	PENGUIN	1044	n/a	-1	1	1.0	1.0	upper	../fonts/Verdana.ttf
1726781	WORD	wordpools/wasnorm_wordpool_less_exclusions.txt	LTP273	ltpFR	2	7	-1	STOCKING	1383	n/a	-1	1	1.0	1.0	upper	../fonts/Verdana.ttf
1730847	WORD	wordpools/wasnorm_wordpool_less_exclusions.txt	LTP273	ltpFR	2	7	-1	BANQUET	86	n/a	-1	1	1.0	1.0	upper	../fonts/Verdana.ttf
1734752	WORD	wordpools/wasnorm_wordpool_less_exclusions.txt	LTP273	ltpFR	2	7	-1	SMOG	1330	n/a	-1	1	1.0	1.0	upper	../fonts/Verdana.ttf
1738668	WORD	wordpools/wasnorm_wordpool_less_exclusions.txt	LTP273	ltpFR	2	7	-1	SARDINE	1235	n/a	-1	1	1.0	1.0	upper	../fonts/Verdana.ttf
1742582	WORD	wordpools/wasnorm_wordpool_less_exclusions.txt	LTP273	ltpFR	2	7	-1	LOBSTER	837	n/a	-1	1	1.0	1.0	upper	../fonts/Verdana.ttf
1746657	WORD	wordpools/wasnorm_wordpool_less_exclusions.txt	LTP273	ltpFR	2	7	-1	OVAL	990	n/a	-1	1	1.0	1.0	upper	../fonts/Verdana.ttf
1750589	WORD	wordpools/wasnorm_wordpool_less_exclusions.txt	LTP273	ltpFR	2	7	-1	LOOP	844	n/a	-1	1	1.0	1.0	upper	../fonts/Verdana.ttf
1754678	WORD	wordpools/wasnorm_wordpool_less_exclusions.txt	LTP273	ltpFR	2	7	-1	LILY	821	n/a	-1	1	1.0	1.0	upper	../fonts/Verdana.ttf
1758710	WORD	wordpools/wasnorm_wordpool_less_exclusions.txt	LTP273	ltpFR	2	7	-1	POT	1114	n/a	-1	1	1.0	1.0	upper	../fonts/Verdana.ttf
1762858	WORD	wordpools/wasnorm_wordpool_less_exclusions.txt	LTP273	ltpFR	2	7	-1	DRESS	495	n/a	-1	1	1.0	1.0	upper	../fonts/Verdana.ttf
1767075	WORD	wordpools/wasnorm_wordpool_less_exclusions.txt	LTP273	ltpFR	2	7	-1	STEAM	1375	n/a	-1	1	1.0	1.0	upper	../fonts/Verdana.ttf
1771300	WORD	wordpools/wasnorm_wordpool_less_exclusions.txt	LTP273	ltpFR	2	7	-1	MOUNTAIN	924	n/a	-1	1	1.0	1.0	upper	../fonts/Verdana.ttf
1776978	REC_START	n/a	LTP273	ltpFR	2	7	n/a	n/a	n/a	n/a	n/a	n/a	n/a	n/a	n/a	n/a
1778757	REC_WORD	wordpools/wasnorm_wordpool_less_exclusions.txt	LTP273	ltpFR	2	7	-1	LILY	821	n/a	-1	n/a	n/a	n/a	n/a	n/a
1779046	REC_WORD	wordpools/wasnorm_wordpool_less_exclusions.txt	LTP273	ltpFR	2	7	-1	STEAM	1375	n/a	-1	n/a	n/a	n/a	n/a	n/a
1779611	REC_WORD	wordpools/wasnorm_wordpool_less_exclusions.txt	LTP273	ltpFR	2	7	-1	POT	1114	n/a	-1	n/a	n/a	n/a	n/a	n/a
1780064	REC_WORD	wordpools/wasnorm_wordpool_less_exclusions.txt	LTP273	ltpFR	2	7	-1	MOUNTAIN	924	n/a	-1	n/a	n/a	n/a	n/a	n/a
1784053	REC_WORD	wordpools/wasnorm_wordpool_less_exclusions.txt	LTP273	ltpFR	2	7	-1	REINDEER	1181	n/a	-1	n/a	n/a	n/a	n/a	n/a
1789482	REC_WORD	wordpools/wasnorm_wordpool_less_exclusions.txt	LTP273	ltpFR	2	7	-1	LAGOON	795	n/a	-1	n/a	n/a	n/a	n/a	n/a
1867670	WORD	wordpools/wasnorm_wordpool_less_exclusions.txt	LTP273	ltpFR	2	8	1	OYSTER	995	n/a	1	1	0.412841796875	0.57763671875	lower	../fonts/amplitud.ttf
1871686	WORD	wordpools/wasnorm_wordpool_less_exclusions.txt	LTP273	ltpFR	2	8	1	SEAFOOD	1260	n/a	1	1	0.412841796875	0.57763671875	lower	../fonts/amplitud.ttf
1875893	WORD	wordpools/wasnorm_wordpool_less_exclusions.txt	LTP273	ltpFR	2	8	1	DIVER	476	n/a	1	1	0.412841796875	0.57763671875	lower	../fonts/amplitud.ttf
1880101	WORD	wordpools/wasnorm_wordpool_less_exclusions.txt	LTP273	ltpFR	2	8	1	GALAXY	617	n/a	0	1	0.412841796875	0.57763671875	lower	../fonts/amplitud.ttf
1884125	WORD	wordpools/wasnorm_wordpool_less_exclusions.txt	LTP273	ltpFR	2	8	1	MOB	904	n/a	1	1	0.412841796875	0.57763671875	lower	../fonts/amplitud.ttf
1888007	WORD	wordpools/wasnorm_wordpool_less_exclusions.txt	LTP273	ltpFR	2	8	1	CYLINDER	432	n/a	0	1	0.412841796875	0.57763671875	lower	../fonts/amplitud.ttf
1892089	WORD	wordpools/wasnorm_wordpool_less_exclusions.txt	LTP273	ltpFR	2	8	0	WAGON	1578	n/a	1	0	0.5869140625	0.422607421875	upper	../fonts/zerothre.ttf
1896044	WORD	wordpools/wasnorm_wordpool_less_exclusions.txt	LTP273	ltpFR	2	8	0	ASTEROID	50	n/a	1	0	0.5869140625	0.422607421875	upper	../fonts/zerothre.ttf
1899924	WORD	wordpools/wasnorm_wordpool_less_exclusions.txt	LTP273	ltpFR	2	8	0	PILOT	1070	n/a	1	0	0.5869140625	0.422607421875	upper	../fonts/zerothre.ttf
1904125	WORD	wordpools/wasnorm_wordpool_less_exclusions.txt	LTP273	ltpFR	2	8	0	COUSIN	392	n/a	1	0	0.5869140625	0.422607421875	upper	../fonts/zerothre.ttf
1908116	WORD	wordpools/wasnorm_wordpool_less_exclusions.txt	LTP273	ltpFR	2	8	0	ESSAY	540	n/a	0	0	0.5869140625	0.422607421875	upper	../fonts/zerothre.ttf
1912181	WORD	wordpools/wasnorm_wordpool_less_exclusions.txt	LTP273	ltpFR	2	8	1	BEDROOM	111	n/a	0	1	0.412841796875	0.57763671875	lower	../fonts/amplitud.ttf
1916196	WORD	wordpools/wasnorm_wordpool_less_exclusions.txt	LTP273	ltpFR	2	8	1	NIGHTGOWN	953	n/a	0	1	0.412841796875	0.57763671875	lower	../fonts/amplitud.ttf
1920061	WORD	wordpools/wasnorm_wordpool_less_exclusions.txt	LTP273	ltpFR	2	8	0	LIST	830	n/a	0	0	0.5869140625	0.422607421875	upper	../fonts/zerothre.ttf
1923948	WORD	wordpools/wasnorm_wordpool_less_exclusions.txt	LTP273	ltpFR	2	8	0	WRENCH	1625	n/a	0	0	0.5869140625	0.422607421875	upper	../fonts/zerothre.ttf
1927906	WORD	wordpools/wasnorm_wordpool_less_exclusions.txt	LTP273	ltpFR	2	8	0	BEAVER	109	n/a	1	0	0.5869140625	0.422607421875	upper	../fonts/zerothre.ttf
1933630	REC_START	n/a	LTP273	ltpFR	2	8	n/a	n/a	n/a	n/a	n/a	n/a	n/a	n/a	n/a	n/a
1934461	REC_WORD	wordpools/wasnorm_wordpool_less_exclusions.txt	LTP273	ltpFR	2	8	0	BEAVER	109	n/a	1	n/a	n/a	n/a	n/a	n/a
1934849	REC_WORD	wordpools/wasnorm_wordpool_less_exclusions.txt	LTP273	ltpFR	2	8	1	NIGHTGOWN	953	n/a	0	n/a	n/a	n/a	n/a	n/a
1935461	REC_WORD	wordpools/wasnorm_wordpool_less_exclusions.txt	LTP273	ltpFR	2	8	0	WRENCH	1625	n/a	0	n/a	n/a	n/a	n/a	n/a
1937440	REC_WORD	wordpools/wasnorm_wordpool_less_exclusions.txt	LTP273	ltpFR	2	8	0	COUSIN	392	n/a	1	n/a	n/a	n/a	n/a	n/a
1940234	REC_WORD	wordpools/wasnorm_wordpool_less_exclusions.txt	LTP273	ltpFR	2	8	1	SEAFOOD	1260	n/a	1	n/a	n/a	n/a	n/a	n/a
1940995	REC_WORD	wordpools/wasnorm_wordpool_less_exclusions.txt	LTP273	ltpFR	2	8	1	OYSTER	995	n/a	1	n/a	n/a	n/a	n/a	n/a
1942191	REC_WORD	wordpools/wasnorm_wordpool_less_exclusions.txt	LTP273	ltpFR	2	8	1	DIVER	476	n/a	1	n/a	n/a	n/a	n/a	n/a
1947578	REC_WORD	wordpools/wasnorm_wordpool_less_exclusions.txt	LTP273	ltpFR	2	8	0	WRENCH	1625	n/a	0	n/a	n/a	n/a	n/a	n/a
1959488	REC_WORD	wordpools/wasnorm_wordpool_less_exclusions.txt	LTP273	ltpFR	2	8	0	ESSAY	540	n/a	0	n/a	n/a	n/a	n/a	n/a
2018632	WORD	wordpools/wasnorm_wordpool_less_exclusions.txt	LTP273	ltpFR	2	9	-1	SHEET	1279	n/a	-1	1	1.0	1.0	upper	../fonts/Verdana.ttf
2022720	WORD	wordpools/wasnorm_wordpool_less_exclusions.txt	LTP273	ltpFR	2	9	-1	SHORTS	1293	n/a	-1	1	1.0	1.0	upper	../fonts/Verdana.ttf
2026879	WORD	wordpools/wasnorm_wordpool_less_exclusions.txt	LTP273	ltpFR	2	9	-1	CRAB	397	n/a	-1	1	1.0	1.0	upper	../fonts/Verdana.ttf
2030811	WORD	wordpools/wasnorm_wordpool_less_exclusions.txt	LTP273	ltpFR	2	9	-1	NET	946	n/a	-1	1	1.0	1.0	upper	../fonts/Verdana.ttf
2034650	WORD	wordpools/wasnorm_wordpool_less_exclusions.txt	LTP273	ltpFR	2	9	-1	FRUIT	610	n/a	-1	1	1.0	1.0	upper	../fonts/Verdana.ttf
2038698	WORD	wordpools/wasnorm_wordpool_less_exclusions.txt	LTP273	ltpFR	2	9	-1	BRANDY	169	n/a	-1	1	1.0	1.0	upper	../fonts/Verdana.ttf
2042806	WORD	wordpools/wasnorm_wordpool_less_exclusions.txt	LTP273	ltpFR	2	9	-1	SHACK	1273	n/a	-1	1	1.0	1.0	upper	../fonts/Verdana.ttf
2046811	WORD	wordpools/wasnorm_wordpool_less_exclusions.txt	LTP273	ltpFR	2	9	-1	FRIEND	606	n/a	-1	1	1.0	1.0	upper	../fonts/Verdana.ttf
2051011	WORD	wordpools/wasnorm_wordpool_less_exclusions.txt	LTP273	ltpFR	2	9	-1	SIREN	1310	n/a	-1	1	1.0	1.0	upper	../fonts/Verdana.ttf
2054992	WORD	wordpools/wasnorm_wordpool_less_exclusions.txt	LTP273	ltpFR	2	9	-1	KNUCKLE	789	n/a	-1	1	1.0	1.0	upper	../fonts/Verdana.ttf
2058967	WORD	wordpools/wasnorm_wordpool_less_exclusions.txt	LTP273	ltpFR	2	9	-1	FOOT	590	n/a	-1	1	1.0	1.0	upper	../fonts/Verdana.ttf
2063040	WORD	wordpools/wasnorm_wordpool_less_exclusions.txt	LTP273	ltpFR	2	9	-1	HAMBURGER	679	n/a	-1	1	1.0	1.0	upper	../fonts/Verdana.ttf
2066863	WORD	wordpools/wasnorm_wordpool_less_exclusions.txt	LTP273	ltpFR	2	9	-1	BUN	197	n/a	-1	1	1.0	1.0	upper	../fonts/Verdana.ttf
2070885	WORD	wordpools/wasnorm_wordpool_less_exclusions.txt	LTP273	ltpFR	2	9	-1	SCOTCH	1251	n/a	-1	1	1.0	1.0	upper	../fonts/Verdana.ttf
2074910	WORD	wordpools/wasnorm_wordpool_less_exclusions.txt	LTP273	ltpFR	2	9	-1	PORCH	1106	n/a	-1	1	1.0	1.0	upper	../fonts/Verdana.ttf
2078832	WORD	wordpools/wasnorm_wordpool_less_exclusions.txt	LTP273	ltpFR	2	9	-1	GOBLIN	645	n/a	-1	1	1.0	1.0	upper	../fonts/Verdana.ttf
2084772	REC_START	n/a	LTP273	ltpFR	2	9	n/a	n/a	n/a	n/a	n/a	n/a	n/a	n/a	n/a	n/a
2085489	REC_WORD	wordpools/wasnorm_wordpool_less_exclusions.txt	LTP273	ltpFR	2	9	-1	GOBLIN	645	n/a	-1	n/a	n/a	n/a	n/a	n/a
2086092	REC_WORD	wordpools/wasnorm_wordpool_less_exclusions.txt	LTP273	ltpFR	2	9	-1	PORCH	1106	n/a	-1	n/a	n/a	n/a	n/a	n/a
2086681	REC_WORD	wordpools/wasnorm_wordpool_less_exclusions.txt	LTP273	ltpFR	2	9	-1	BRANDY	169	n/a	-1	n/a	n/a	n/a	n/a	n/a
2087380	REC_WORD	wordpools/wasnorm_wordpool_less_exclusions.txt	LTP273	ltpFR	2	9	-1	SCOTCH	1251	n/a	-1	n/a	n/a	n/a	n/a	n/a
2134918	REC_WORD	wordpools/wasnorm_wordpool_less_exclusions.txt	LTP273	ltpFR	2	9	-1	SHACK	1273	n/a	-1	n/a	n/a	n/a	n/a	n/a
2188222	WORD	wordpools/wasnorm_wordpool_less_exclusions.txt	LTP273	ltpFR	2	10	0	MONGOOSE	909	n/a	1	0	0.5869140625	0.422607421875	upper	../fonts/zerothre.ttf
2192076	WORD	wordpools/wasnorm_wordpool_less_exclusions.txt	LTP273	ltpFR	2	10	0	RANCH	1166	n/a	0	0	0.5869140625	0.422607421875	upper	../fonts/zerothre.ttf
2195957	WORD	wordpools/wasnorm_wordpool_less_exclusions.txt	LTP273	ltpFR	2	10	0	BALL	73	n/a	0	0	0.5869140625	0.422607421875	upper	../fonts/zerothre.ttf
2200174	WORD	wordpools/wasnorm_wordpool_less_exclusions.txt	LTP273	ltpFR	2	10	0	JELLO	754	n/a	0	0	0.5869140625	0.422607421875	upper	../fonts/zerothre.ttf
2204115	WORD	wordpools/wasnorm_wordpool_less_exclusions.txt	LTP273	ltpFR	2	10	0	PILLOW	1069	n/a	1	0	0.5869140625	0.422607421875	upper	../fonts/zerothre.ttf
2208046	WORD	wordpools/wasnorm_wordpool_less_exclusions.txt	LTP273	ltpFR	2	10	1	FARM	552	n/a	0	1	0.412841796875	0.57763671875	lower	../fonts/amplitud.ttf
2211900	WORD	wordpools/wasnorm_wordpool_less_exclusions.txt	LTP273	ltpFR	2	10	1	LAMB	797	n/a	1	1	0.412841796875	0.57763671875	lower	../fonts/amplitud.ttf
2215908	WORD	wordpools/wasnorm_wordpool_less_exclusions.txt	LTP273	ltpFR	2	10	1	CATCHER	258	n/a	1	1	0.412841796875	0.57763671875	lower	../fonts/amplitud.ttf
2220099	WORD	wordpools/wasnorm_wordpool_less_exclusions.txt	LTP273	ltpFR	2	10	1	DISHWASHER	475	n/a	0	1	0.412841796875	0.57763671875	lower	../fonts/amplitud.ttf
2224107	WORD	wordpools/wasnorm_wordpool_less_exclusions.txt	LTP273	ltpFR	2	10	0	ORNAMENT	985	n/a	0	0	0.5869140625	0.422607421875	upper	../fonts/zerothre.ttf
2228062	WORD	wordpools/wasnorm_wordpool_less_exclusions.txt	LTP273	ltpFR	2	10	0	PUBLISHER	1137	n/a	1	0	0.5869140625	0.422607421875	upper	../fonts/zerothre.ttf
2231942	WORD	wordpools/wasnorm_wordpool_less_exclusions.txt	LTP273	ltpFR	2	10	0	BOOK	149	n/a	0	0	0.5869140625	0.422607421875	upper	../fonts/zerothre.ttf
2236059	WORD	wordpools/wasnorm_wordpool_less_exclusions.txt	LTP273	ltpFR	2	10	1	HORSE	719	n/a	1	1	0.412841796875	0.57763671875	lower	../fonts/amplitud.ttf
2239956	WORD	wordpools/wasnorm_wordpool_less_exclusions.txt	LTP273	ltpFR	2	10	1	PAN	1008	n/a	0	1	0.412841796875	0.57763671875	lower	../fonts/amplitud.ttf
2244139	WORD	wordpools/wasnorm_wordpool_less_exclusions.txt	LTP273	ltpFR	2	10	1	LEMON	810	n/a	0	1	0.412841796875	0.57763671875	lower	../fonts/amplitud.ttf
2247979	WORD	wordpools/wasnorm_wordpool_less_exclusions.txt	LTP273	ltpFR	2	10	1	TART	1436	n/a	0	1	0.412841796875	0.57763671875	lower	../fonts/amplitud.ttf
2254010	REC_START	n/a	LTP273	ltpFR	2	10	n/a	n/a	n/a	n/a	n/a	n/a	n/a	n/a	n/a	n/a
2255095	REC_WORD	wordpools/wasnorm_wordpool_less_exclusions.txt	LTP273	ltpFR	2	10	1	LEMON	810	n/a	0	n/a	n/a	n/a	n/a	n/a
2255890	REC_WORD	wordpools/wasnorm_wordpool_less_exclusions.txt	LTP273	ltpFR	2	10	1	TART	1436	n/a	0	n/a	n/a	n/a	n/a	n/a
2258998	REC_WORD	wordpools/wasnorm_wordpool_less_exclusions.txt	LTP273	ltpFR	2	10	1	FARM	552	n/a	0	n/a	n/a	n/a	n/a	n/a
2284618	REC_WORD	wordpools/wasnorm_wordpool_less_exclusions.txt	LTP273	ltpFR	2	10	0	MONGOOSE	909	n/a	1	n/a	n/a	n/a	n/a	n/a
2299542	REC_WORD	wordpools/wasnorm_wordpool_less_exclusions.txt	LTP273	ltpFR	2	10	1	HORSE	719	n/a	1	n/a	n/a	n/a	n/a	n/a
2351018	WORD	wordpools/wasnorm_wordpool_less_exclusions.txt	LTP273	ltpFR	2	11	0	LENS	811	n/a	0	0	0.5869140625	0.422607421875	upper	../fonts/zerothre.ttf
2355050	WORD	wordpools/wasnorm_wordpool_less_exclusions.txt	LTP273	ltpFR	2	11	0	BUGGY	188	n/a	1	0	0.5869140625	0.422607421875	upper	../fonts/zerothre.ttf
2359149	WORD	wordpools/wasnorm_wordpool_less_exclusions.txt	LTP273	ltpFR	2	11	1	SHRIMP	1297	n/a	1	1	0.412841796875	0.57763671875	lower	../fonts/amplitud.ttf
2363198	WORD	wordpools/wasnorm_wordpool_less_exclusions.txt	LTP273	ltpFR	2	11	1	CARROT	249	n/a	1	1	0.412841796875	0.57763671875	lower	../fonts/amplitud.ttf
2367330	WORD	wordpools/wasnorm_wordpool_less_exclusions.txt	LTP273	ltpFR	2	11	1	LABYRINTH	791	n/a	0	1	0.412841796875	0.57763671875	lower	../fonts/amplitud.ttf
2371345	WORD	wordpools/wasnorm_wordpool_less_exclusions.txt	LTP273	ltpFR	2	11	1	CALF	222	n/a	1	1	0.412841796875	0.57763671875	lower	../fonts/amplitud.ttf
2375468	WORD	wordpools/wasnorm_wordpool_less_exclusions.txt	LTP273	ltpFR	2	11	0	MITTEN	902	n/a	0	0	0.5869140625	0.422607421875	upper	../fonts/zerothre.ttf
2379432	WORD	wordpools/wasnorm_wordpool_less_exclusions.txt	LTP273	ltpFR	2	11	0	THUMB	1462	n/a	1	0	0.5869140625	0.422607421875	upper	../fonts/zerothre.ttf
2383515	WORD	wordpools/wasnorm_wordpool_less_exclusions.txt	LTP273	ltpFR	2	11	0	SEA	1259	n/a	1	0	0.5869140625	0.422607421875	upper	../fonts/zerothre.ttf
2387630	WORD	wordpools/wasnorm_wordpool_less_exclusions.txt	LTP273	ltpFR	2	11	1	PENCIL	1042	n/a	0	1	0.412841796875	0.57763671875	lower	../fonts/amplitud.ttf
2391712	WORD	wordpools/wasnorm_wordpool_less_exclusions.txt	LTP273	ltpFR	2	11	1	KITTEN	780	n/a	1	1	0.412841796875	0.57763671875	lower	../fonts/amplitud.ttf
2395910	WORD	wordpools/wasnorm_wordpool_less_exclusions.txt	LTP273	ltpFR	2	11	1	LION	827	n/a	1	1	0.412841796875	0.57763671875	lower	../fonts/amplitud.ttf
2399875	WORD	wordpools/wasnorm_wordpool_less_exclusions.txt	LTP273	ltpFR	2	11	1	HARE	688	n/a	1	1	0.412841796875	0.57763671875	lower	../fonts/amplitud.ttf
2403707	WORD	wordpools/wasnorm_wordpool_less_exclusions.txt	LTP273	ltpFR	2	11	0	CUPBOARD	425	n/a	1	0	0.5869140625	0.422607421875	upper	../fonts/zerothre.ttf
2407699	WORD	wordpools/wasnorm_wordpool_less_exclusions.txt	LTP273	ltpFR	2	11	0	MUG	930	n/a	0	0	0.5869140625	0.422607421875	upper	../fonts/zerothre.ttf
2411620	WORD	wordpools/wasnorm_wordpool_less_exclusions.txt	LTP273	ltpFR	2	11	0	PUPIL	1143	n/a	1	0	0.5869140625	0.422607421875	upper	../fonts/zerothre.ttf
2417419	REC_START	n/a	LTP273	ltpFR	2	11	n/a	n/a	n/a	n/a	n/a	n/a	n/a	n/a	n/a	n/a
2421600	REC_WORD	wordpools/wasnorm_wordpool_less_exclusions.txt	LTP273	ltpFR	2	11	0	PUPIL	1143	n/a	1	n/a	n/a	n/a	n/a	n/a
2429692	REC_WORD	wordpools/wasnorm_wordpool_less_exclusions.txt	LTP273	ltpFR	2	11	1	SHRIMP	1297	n/a	1	n/a	n/a	n/a	n/a	n/a
2529958	WORD	wordpools/wasnorm_wordpool_less_exclusions.txt	LTP273	ltpFR	2	12	1	HOOD	714	n/a	0	1	0.412841796875	0.57763671875	lower	../fonts/amplitud.ttf
2533990	WORD	wordpools/wasnorm_wordpool_less_exclusions.txt	LTP273	ltpFR	2	12	1	ENGINE	535	n/a	0	1	0.412841796875	0.57763671875	lower	../fonts/amplitud.ttf
2537979	WORD	wordpools/wasnorm_wordpool_less_exclusions.txt	LTP273	ltpFR	2	12	1	SHOP	1290	n/a	0	1	0.412841796875	0.57763671875	lower	../fonts/amplitud.ttf
2542179	WORD	wordpools/wasnorm_wordpool_less_exclusions.txt	LTP273	ltpFR	2	12	1	BASSINET	97	n/a	0	1	0.412841796875	0.57763671875	lower	../fonts/amplitud.ttf
2546044	WORD	wordpools/wasnorm_wordpool_less_exclusions.txt	LTP273	ltpFR	2	12	1	BABY	64	n/a	1	1	0.412841796875	0.57763671875	lower	../fonts/amplitud.ttf
2550219	WORD	wordpools/wasnorm_wordpool_less_exclusions.txt	LTP273	ltpFR	2	12	1	COMMUNITY	356	n/a	1	1	0.412841796875	0.57763671875	lower	../fonts/amplitud.ttf
2554318	WORD	wordpools/wasnorm_wordpool_less_exclusions.txt	LTP273	ltpFR	2	12	1	QUARTER	1148	n/a	0	1	0.412841796875	0.57763671875	lower	../fonts/amplitud.ttf
2558407	WORD	wordpools/wasnorm_wordpool_less_exclusions.txt	LTP273	ltpFR	2	12	1	DOLPHIN	483	n/a	1	1	0.412841796875	0.57763671875	lower	../fonts/amplitud.ttf
2562506	WORD	wordpools/wasnorm_wordpool_less_exclusions.txt	LTP273	ltpFR	2	12	1	AUTOMOBILE	62	n/a	0	1	0.412841796875	0.57763671875	lower	../fonts/amplitud.ttf
2566631	WORD	wordpools/wasnorm_wordpool_less_exclusions.txt	LTP273	ltpFR	2	12	1	GANG	619	n/a	1	1	0.412841796875	0.57763671875	lower	../fonts/amplitud.ttf
2570769	WORD	wordpools/wasnorm_wordpool_less_exclusions.txt	LTP273	ltpFR	2	12	1	DUMP	505	n/a	0	1	0.412841796875	0.57763671875	lower	../fonts/amplitud.ttf
2574818	WORD	wordpools/wasnorm_wordpool_less_exclusions.txt	LTP273	ltpFR	2	12	1	VEHICLE	1553	n/a	0	1	0.412841796875	0.57763671875	lower	../fonts/amplitud.ttf
2578749	WORD	wordpools/wasnorm_wordpool_less_exclusions.txt	LTP273	ltpFR	2	12	1	VAGRANT	1544	n/a	1	1	0.412841796875	0.57763671875	lower	../fonts/amplitud.ttf
2582882	WORD	wordpools/wasnorm_wordpool_less_exclusions.txt	LTP273	ltpFR	2	12	1	BLANKET	135	n/a	0	1	0.412841796875	0.57763671875	lower	../fonts/amplitud.ttf
2586839	WORD	wordpools/wasnorm_wordpool_less_exclusions.txt	LTP273	ltpFR	2	12	1	ATTORNEY	58	n/a	1	1	0.412841796875	0.57763671875	lower	../fonts/amplitud.ttf
2590996	WORD	wordpools/wasnorm_wordpool_less_exclusions.txt	LTP273	ltpFR	2	12	1	POLICE	1098	n/a	1	1	0.412841796875	0.57763671875	lower	../fonts/amplitud.ttf
2597070	REC_START	n/a	LTP273	ltpFR	2	12	n/a	n/a	n/a	n/a	n/a	n/a	n/a	n/a	n/a	n/a
2599348	REC_WORD	wordpools/wasnorm_wordpool_less_exclusions.txt	LTP273	ltpFR	2	12	1	HOOD	714	n/a	0	n/a	n/a	n/a	n/a	n/a
2600303	REC_WORD	wordpools/wasnorm_wordpool_less_exclusions.txt	LTP273	ltpFR	2	12	1	VAGRANT	1544	n/a	1	n/a	n/a	n/a	n/a	n/a
2601432	REC_WORD	wordpools/wasnorm_wordpool_less_exclusions.txt	LTP273	ltpFR	2	12	1	POLICE	1098	n/a	1	n/a	n/a	n/a	n/a	n/a
2622954	REC_WORD	wordpools/wasnorm_wordpool_less_exclusions.txt	LTP273	ltpFR	2	12	1	SHOP	1290	n/a	0	n/a	n/a	n/a	n/a	n/a
2652454	REC_WORD	wordpools/wasnorm_wordpool_less_exclusions.txt	LTP273	ltpFR	2	12	1	GANG	619	n/a	1	n/a	n/a	n/a	n/a	n/a
2672720	REST_REWET	n/a	LTP273	ltpFR	2	12	n/a	n/a	n/a	n/a	n/a	n/a	n/a	n/a	n/a	n/a
2859308	WORD	wordpools/wasnorm_wordpool_less_exclusions.txt	LTP273	ltpFR	2	13	0	FELLOW	558	n/a	1	0	0.5869140625	0.422607421875	upper	../fonts/zerothre.ttf
2863189	WORD	wordpools/wasnorm_wordpool_less_exclusions.txt	LTP273	ltpFR	2	13	0	PEOPLE	1046	n/a	1	0	0.5869140625	0.422607421875	upper	../fonts/zerothre.ttf
2867130	WORD	wordpools/wasnorm_wordpool_less_exclusions.txt	LTP273	ltpFR	2	13	0	PAIL	1002	n/a	0	0	0.5869140625	0.422607421875	upper	../fonts/zerothre.ttf
2871246	WORD	wordpools/wasnorm_wordpool_less_exclusions.txt	LTP273	ltpFR	2	13	0	ROOT	1210	n/a	0	0	0.5869140625	0.422607421875	upper	../fonts/zerothre.ttf
2875167	WORD	wordpools/wasnorm_wordpool_less_exclusions.txt	LTP273	ltpFR	2	13	0	PROTON	1132	n/a	0	0	0.5869140625	0.422607421875	upper	../fonts/zerothre.ttf
2879192	WORD	wordpools/wasnorm_wordpool_less_exclusions.txt	LTP273	ltpFR	2	13	0	MOLECULE	905	n/a	0	0	0.5869140625	0.422607421875	upper	../fonts/zerothre.ttf
2883064	WORD	wordpools/wasnorm_wordpool_less_exclusions.txt	LTP273	ltpFR	2	13	0	TILE	1468	n/a	0	0	0.5869140625	0.422607421875	upper	../fonts/zerothre.ttf
2887156	WORD	wordpools/wasnorm_wordpool_less_exclusions.txt	LTP273	ltpFR	2	13	0	CERAMICS	271	n/a	1	0	0.5869140625	0.422607421875	upper	../fonts/zerothre.ttf
2891204	WORD	wordpools/wasnorm_wordpool_less_exclusions.txt	LTP273	ltpFR	2	13	0	HOUSE	725	n/a	1	0	0.5869140625	0.422607421875	upper	../fonts/zerothre.ttf
2895270	WORD	wordpools/wasnorm_wordpool_less_exclusions.txt	LTP273	ltpFR	2	13	0	RACCOON	1153	n/a	1	0	0.5869140625	0.422607421875	upper	../fonts/zerothre.ttf
2899301	WORD	wordpools/wasnorm_wordpool_less_exclusions.txt	LTP273	ltpFR	2	13	0	TEAPOT	1442	n/a	0	0	0.5869140625	0.422607421875	upper	../fonts/zerothre.ttf
2903300	WORD	wordpools/wasnorm_wordpool_less_exclusions.txt	LTP273	ltpFR	2	13	0	CUE	422	n/a	0	0	0.5869140625	0.422607421875	upper	../fonts/zerothre.ttf
2907473	WORD	wordpools/wasnorm_wordpool_less_exclusions.txt	LTP273	ltpFR	2	13	0	PATIO	1025	n/a	1	0	0.5869140625	0.422607421875	upper	../fonts/zerothre.ttf
2911638	WORD	wordpools/wasnorm_wordpool_less_exclusions.txt	LTP273	ltpFR	2	13	0	CACTUS	215	n/a	1	0	0.5869140625	0.422607421875	upper	../fonts/zerothre.ttf
2915579	WORD	wordpools/wasnorm_wordpool_less_exclusions.txt	LTP273	ltpFR	2	13	0	BULLETIN	195	n/a	0	0	0.5869140625	0.422607421875	upper	../fonts/zerothre.ttf
2919744	WORD	wordpools/wasnorm_wordpool_less_exclusions.txt	LTP273	ltpFR	2	13	0	CUP	424	n/a	0	0	0.5869140625	0.422607421875	upper	../fonts/zerothre.ttf
2925575	REC_START	n/a	LTP273	ltpFR	2	13	n/a	n/a	n/a	n/a	n/a	n/a	n/a	n/a	n/a	n/a
2928955	REC_WORD	wordpools/wasnorm_wordpool_less_exclusions.txt	LTP273	ltpFR	2	13	0	CERAMICS	271	n/a	1	n/a	n/a	n/a	n/a	n/a
2930259	REC_WORD	wordpools/wasnorm_wordpool_less_exclusions.txt	LTP273	ltpFR	2	13	0	FELLOW	558	n/a	1	n/a	n/a	n/a	n/a	n/a
2931854	REC_WORD	wordpools/wasnorm_wordpool_less_exclusions.txt	LTP273	ltpFR	2	13	0	BULLETIN	195	n/a	0	n/a	n/a	n/a	n/a	n/a
2933272	REC_WORD	wordpools/wasnorm_wordpool_less_exclusions.txt	LTP273	ltpFR	2	13	0	PAIL	1002	n/a	0	n/a	n/a	n/a	n/a	n/a
2945869	REC_WORD	wordpools/wasnorm_wordpool_less_exclusions.txt	LTP273	ltpFR	2	13	0	CACTUS	215	n/a	1	n/a	n/a	n/a	n/a	n/a
2961106	REC_WORD	wordpools/wasnorm_wordpool_less_exclusions.txt	LTP273	ltpFR	2	13	0	ROOT	1210	n/a	0	n/a	n/a	n/a	n/a	n/a
2966783	REC_WORD	wordpools/wasnorm_wordpool_less_exclusions.txt	LTP273	ltpFR	2	13	0	MOLECULE	905	n/a	0	n/a	n/a	n/a	n/a	n/a
2968705	REC_WORD	wordpools/wasnorm_wordpool_less_exclusions.txt	LTP273	ltpFR	2	13	0	PROTON	1132	n/a	0	n/a	n/a	n/a	n/a	n/a
3006596	WORD	wordpools/wasnorm_wordpool_less_exclusions.txt	LTP273	ltpFR	2	14	1	VOLCANO	1575	n/a	0	1	0.412841796875	0.57763671875	lower	../fonts/amplitud.ttf
3010437	WORD	wordpools/wasnorm_wordpool_less_exclusions.txt	LTP273	ltpFR	2	14	1	ICING	732	n/a	0	1	0.412841796875	0.57763671875	lower	../fonts/amplitud.ttf
3014335	WORD	wordpools/wasnorm_wordpool_less_exclusions.txt	LTP273	ltpFR	2	14	1	VICTOR	1563	n/a	1	1	0.412841796875	0.57763671875	lower	../fonts/amplitud.ttf
3018458	WORD	wordpools/wasnorm_wordpool_less_exclusions.txt	LTP273	ltpFR	2	14	1	LINEN	825	n/a	0	1	0.412841796875	0.57763671875	lower	../fonts/amplitud.ttf
3022339	WORD	wordpools/wasnorm_wordpool_less_exclusions.txt	LTP273	ltpFR	2	14	1	MATTRESS	879	n/a	0	1	0.412841796875	0.57763671875	lower	../fonts/amplitud.ttf
3026254	WORD	wordpools/wasnorm_wordpool_less_exclusions.txt	LTP273	ltpFR	2	14	1	DRIVEWAY	500	n/a	0	1	0.412841796875	0.57763671875	lower	../fonts/amplitud.ttf
3030128	WORD	wordpools/wasnorm_wordpool_less_exclusions.txt	LTP273	ltpFR	2	14	1	ARTIST	43	n/a	1	1	0.412841796875	0.57763671875	lower	../fonts/amplitud.ttf
3034150	WORD	wordpools/wasnorm_wordpool_less_exclusions.txt	LTP273	ltpFR	2	14	1	TOOTH	1481	n/a	0	1	0.412841796875	0.57763671875	lower	../fonts/amplitud.ttf
3038058	WORD	wordpools/wasnorm_wordpool_less_exclusions.txt	LTP273	ltpFR	2	14	1	PLUMBER	1091	n/a	1	1	0.412841796875	0.57763671875	lower	../fonts/amplitud.ttf
3042030	WORD	wordpools/wasnorm_wordpool_less_exclusions.txt	LTP273	ltpFR	2	14	1	KING	777	n/a	1	1	0.412841796875	0.57763671875	lower	../fonts/amplitud.ttf
3045987	WORD	wordpools/wasnorm_wordpool_less_exclusions.txt	LTP273	ltpFR	2	14	1	CHAUFFEUR	283	n/a	1	1	0.412841796875	0.57763671875	lower	../fonts/amplitud.ttf
3050110	WORD	wordpools/wasnorm_wordpool_less_exclusions.txt	LTP273	ltpFR	2	14	1	LID	817	n/a	0	1	0.412841796875	0.57763671875	lower	../fonts/amplitud.ttf
3054209	WORD	wordpools/wasnorm_wordpool_less_exclusions.txt	LTP273	ltpFR	2	14	1	RASPBERRY	1168	n/a	1	1	0.412841796875	0.57763671875	lower	../fonts/amplitud.ttf
3058408	WORD	wordpools/wasnorm_wordpool_less_exclusions.txt	LTP273	ltpFR	2	14	1	GRAPE	654	n/a	1	1	0.412841796875	0.57763671875	lower	../fonts/amplitud.ttf
3062524	WORD	wordpools/wasnorm_wordpool_less_exclusions.txt	LTP273	ltpFR	2	14	1	SLIDE	1326	n/a	0	1	0.412841796875	0.57763671875	lower	../fonts/amplitud.ttf
3066498	WORD	wordpools/wasnorm_wordpool_less_exclusions.txt	LTP273	ltpFR	2	14	1	JAR	750	n/a	0	1	0.412841796875	0.57763671875	lower	../fonts/amplitud.ttf
3072321	REC_START	n/a	LTP273	ltpFR	2	14	n/a	n/a	n/a	n/a	n/a	n/a	n/a	n/a	n/a	n/a
3074191	REC_WORD	wordpools/wasnorm_wordpool_less_exclusions.txt	LTP273	ltpFR	2	14	1	RASPBERRY	1168	n/a	1	n/a	n/a	n/a	n/a	n/a
3075235	REC_WORD	wordpools/wasnorm_wordpool_less_exclusions.txt	LTP273	ltpFR	2	14	1	VICTOR	1563	n/a	1	n/a	n/a	n/a	n/a	n/a
3076291	REC_WORD	wordpools/wasnorm_wordpool_less_exclusions.txt	LTP273	ltpFR	2	14	1	KING	777	n/a	1	n/a	n/a	n/a	n/a	n/a
3077433	REC_WORD	wordpools/wasnorm_wordpool_less_exclusions.txt	LTP273	ltpFR	2	14	1	SLIDE	1326	n/a	0	n/a	n/a	n/a	n/a	n/a
3087357	REC_WORD	wordpools/wasnorm_wordpool_less_exclusions.txt	LTP273	ltpFR	2	14	1	MATTRESS	879	n/a	0	n/a	n/a	n/a	n/a	n/a
3102522	REC_WORD	wordpools/wasnorm_wordpool_less_exclusions.txt	LTP273	ltpFR	2	14	1	GRAPE	654	n/a	1	n/a	n/a	n/a	n/a	n/a
3157156	WORD	wordpools/wasnorm_wordpool_less_exclusions.txt	LTP273	ltpFR	2	15	-1	COMMITTEE	355	n/a	-1	1	1.0	1.0	upper	../fonts/Verdana.ttf
3161145	WORD	wordpools/wasnorm_wordpool_less_exclusions.txt	LTP273	ltpFR	2	15	-1	CHAIRPERSON	275	n/a	-1	1	1.0	1.0	upper	../fonts/Verdana.ttf
3165120	WORD	wordpools/wasnorm_wordpool_less_exclusions.txt	LTP273	ltpFR	2	15	-1	MICROWAVE	892	n/a	-1	1	1.0	1.0	upper	../fonts/Verdana.ttf
3169226	WORD	wordpools/wasnorm_wordpool_less_exclusions.txt	LTP273	ltpFR	2	15	-1	LIZARD	834	n/a	-1	1	1.0	1.0	upper	../fonts/Verdana.ttf
3173207	WORD	wordpools/wasnorm_wordpool_less_exclusions.txt	LTP273	ltpFR	2	15	-1	SEAT	1264	n/a	-1	1	1.0	1.0	upper	../fonts/Verdana.ttf
3177349	WORD	wordpools/wasnorm_wordpool_less_exclusions.txt	LTP273	ltpFR	2	15	-1	MONSTER	912	n/a	-1	1	1.0	1.0	upper	../fonts/Verdana.ttf
3181204	WORD	wordpools/wasnorm_wordpool_less_exclusions.txt	LTP273	ltpFR	2	15	-1	TWIG	1527	n/a	-1	1	1.0	1.0	upper	../fonts/Verdana.ttf
3185229	WORD	wordpools/wasnorm_wordpool_less_exclusions.txt	LTP273	ltpFR	2	15	-1	TABLE	1426	n/a	-1	1	1.0	1.0	upper	../fonts/Verdana.ttf
3189261	WORD	wordpools/wasnorm_wordpool_less_exclusions.txt	LTP273	ltpFR	2	15	-1	CATERPILLAR	259	n/a	-1	1	1.0	1.0	upper	../fonts/Verdana.ttf
3193266	WORD	wordpools/wasnorm_wordpool_less_exclusions.txt	LTP273	ltpFR	2	15	-1	TERMITE	1451	n/a	-1	1	1.0	1.0	upper	../fonts/Verdana.ttf
3197274	WORD	wordpools/wasnorm_wordpool_less_exclusions.txt	LTP273	ltpFR	2	15	-1	FROG	608	n/a	-1	1	1.0	1.0	upper	../fonts/Verdana.ttf
3201306	WORD	wordpools/wasnorm_wordpool_less_exclusions.txt	LTP273	ltpFR	2	15	-1	CAPE	237	n/a	-1	1	1.0	1.0	upper	../fonts/Verdana.ttf
3205204	WORD	wordpools/wasnorm_wordpool_less_exclusions.txt	LTP273	ltpFR	2	15	-1	VEST	1559	n/a	-1	1	1.0	1.0	upper	../fonts/Verdana.ttf
3209059	WORD	wordpools/wasnorm_wordpool_less_exclusions.txt	LTP273	ltpFR	2	15	-1	GOO	648	n/a	-1	1	1.0	1.0	upper	../fonts/Verdana.ttf
3213201	WORD	wordpools/wasnorm_wordpool_less_exclusions.txt	LTP273	ltpFR	2	15	-1	DESK	452	n/a	-1	1	1.0	1.0	upper	../fonts/Verdana.ttf
3217066	WORD	wordpools/wasnorm_wordpool_less_exclusions.txt	LTP273	ltpFR	2	15	-1	RICE	1190	n/a	-1	1	1.0	1.0	upper	../fonts/Verdana.ttf
3223056	REC_START	n/a	LTP273	ltpFR	2	15	n/a	n/a	n/a	n/a	n/a	n/a	n/a	n/a	n/a	n/a
3224750	REC_WORD	wordpools/wasnorm_wordpool_less_exclusions.txt	LTP273	ltpFR	2	15	-1	CATERPILLAR	259	n/a	-1	n/a	n/a	n/a	n/a	n/a
3225344	REC_WORD	wordpools/wasnorm_wordpool_less_exclusions.txt	LTP273	ltpFR	2	15	-1	TERMITE	1451	n/a	-1	n/a	n/a	n/a	n/a	n/a
3226378	REC_WORD	wordpools/wasnorm_wordpool_less_exclusions.txt	LTP273	ltpFR	2	15	-1	TABLE	1426	n/a	-1	n/a	n/a	n/a	n/a	n/a
3227147	REC_WORD	wordpools/wasnorm_wordpool_less_exclusions.txt	LTP273	ltpFR	2	15	-1	DESK	452	n/a	-1	n/a	n/a	n/a	n/a	n/a
3228341	REC_WORD	wordpools/wasnorm_wordpool_less_exclusions.txt	LTP273	ltpFR	2	15	-1	GOO	648	n/a	-1	n/a	n/a	n/a	n/a	n/a
3230934	REC_WORD	wordpools/wasnorm_wordpool_less_exclusions.txt	LTP273	ltpFR	2	15	-1	RICE	1190	n/a	-1	n/a	n/a	n/a	n/a	n/a
3240625	REC_WORD	wordpools/wasnorm_wordpool_less_exclusions.txt	LTP273	ltpFR	2	15	n/a	CHAIR	274	n/a	n/a	n/a	n/a	n/a	n/a	n/a
3245183	REC_WORD	wordpools/wasnorm_wordpool_less_exclusions.txt	LTP273	ltpFR	2	15	-1	VEST	1559	n/a	-1	n/a	n/a	n/a	n/a	n/a
3246690	REC_WORD	wordpools/wasnorm_wordpool_less_exclusions.txt	LTP273	ltpFR	2	15	-1	CAPE	237	n/a	-1	n/a	n/a	n/a	n/a	n/a
3252252	REC_WORD	wordpools/wasnorm_wordpool_less_exclusions.txt	LTP273	ltpFR	2	15	-1	TWIG	1527	n/a	-1	n/a	n/a	n/a	n/a	n/a
3308861	WORD	wordpools/wasnorm_wordpool_less_exclusions.txt	LTP273	ltpFR	2	16	-1	SECRETARY	1265	n/a	-1	1	1.0	1.0	upper	../fonts/Verdana.ttf
3312826	WORD	wordpools/wasnorm_wordpool_less_exclusions.txt	LTP273	ltpFR	2	16	-1	PIER	1063	n/a	-1	1	1.0	1.0	upper	../fonts/Verdana.ttf
3316798	WORD	wordpools/wasnorm_wordpool_less_exclusions.txt	LTP273	ltpFR	2	16	-1	PADDLE	1000	n/a	-1	1	1.0	1.0	upper	../fonts/Verdana.ttf
3320639	WORD	wordpools/wasnorm_wordpool_less_exclusions.txt	LTP273	ltpFR	2	16	-1	GARAGE	621	n/a	-1	1	1.0	1.0	upper	../fonts/Verdana.ttf
3324604	WORD	wordpools/wasnorm_wordpool_less_exclusions.txt	LTP273	ltpFR	2	16	-1	DAM	436	n/a	-1	1	1.0	1.0	upper	../fonts/Verdana.ttf
3328759	WORD	wordpools/wasnorm_wordpool_less_exclusions.txt	LTP273	ltpFR	2	16	-1	POOL	1103	n/a	-1	1	1.0	1.0	upper	../fonts/Verdana.ttf
3332841	WORD	wordpools/wasnorm_wordpool_less_exclusions.txt	LTP273	ltpFR	2	16	-1	COMMANDER	354	n/a	-1	1	1.0	1.0	upper	../fonts/Verdana.ttf
3336933	WORD	wordpools/wasnorm_wordpool_less_exclusions.txt	LTP273	ltpFR	2	16	-1	OTTER	986	n/a	-1	1	1.0	1.0	upper	../fonts/Verdana.ttf
3340838	WORD	wordpools/wasnorm_wordpool_less_exclusions.txt	LTP273	ltpFR	2	16	-1	OINTMENT	974	n/a	-1	1	1.0	1.0	upper	../fonts/Verdana.ttf
3344796	WORD	wordpools/wasnorm_wordpool_less_exclusions.txt	LTP273	ltpFR	2	16	-1	PRESIDENT	1121	n/a	-1	1	1.0	1.0	upper	../fonts/Verdana.ttf
3348785	WORD	wordpools/wasnorm_wordpool_less_exclusions.txt	LTP273	ltpFR	2	16	-1	ORCHESTRA	981	n/a	-1	1	1.0	1.0	upper	../fonts/Verdana.ttf
3352634	WORD	wordpools/wasnorm_wordpool_less_exclusions.txt	LTP273	ltpFR	2	16	-1	CLERK	321	n/a	-1	1	1.0	1.0	upper	../fonts/Verdana.ttf
3356491	WORD	wordpools/wasnorm_wordpool_less_exclusions.txt	LTP273	ltpFR	2	16	-1	TAG	1429	n/a	-1	1	1.0	1.0	upper	../fonts/Verdana.ttf
3360674	WORD	wordpools/wasnorm_wordpool_less_exclusions.txt	LTP273	ltpFR	2	16	-1	AIRPORT	13	n/a	-1	1	1.0	1.0	upper	../fonts/Verdana.ttf
3364528	WORD	wordpools/wasnorm_wordpool_less_exclusions.txt	LTP273	ltpFR	2	16	-1	FORT	595	n/a	-1	1	1.0	1.0	upper	../fonts/Verdana.ttf
3368503	WORD	wordpools/wasnorm_wordpool_less_exclusions.txt	LTP273	ltpFR	2	16	-1	MARINE	869	n/a	-1	1	1.0	1.0	upper	../fonts/Verdana.ttf
3374125	REC_START	n/a	LTP273	ltpFR	2	16	n/a	n/a	n/a	n/a	n/a	n/a	n/a	n/a	n/a	n/a
3375793	REC_WORD	wordpools/wasnorm_wordpool_less_exclusions.txt	LTP273	ltpFR	2	16	-1	TAG	1429	n/a	-1	n/a	n/a	n/a	n/a	n/a
3376446	REC_WORD	wordpools/wasnorm_wordpool_less_exclusions.txt	LTP273	ltpFR	2	16	-1	MARINE	869	n/a	-1	n/a	n/a	n/a	n/a	n/a
3377301	REC_WORD	wordpools/wasnorm_wordpool_less_exclusions.txt	LTP273	ltpFR	2	16	-1	FORT	595	n/a	-1	n/a	n/a	n/a	n/a	n/a
3378328	REC_WORD	wordpools/wasnorm_wordpool_less_exclusions.txt	LTP273	ltpFR	2	16	-1	COMMANDER	354	n/a	-1	n/a	n/a	n/a	n/a	n/a
3379744	REC_WORD	wordpools/wasnorm_wordpool_less_exclusions.txt	LTP273	ltpFR	2	16	-1	POOL	1103	n/a	-1	n/a	n/a	n/a	n/a	n/a
3390613	REC_WORD	wordpools/wasnorm_wordpool_less_exclusions.txt	LTP273	ltpFR	2	16	-1	PIER	1063	n/a	-1	n/a	n/a	n/a	n/a	n/a
3408692	REC_WORD	wordpools/wasnorm_wordpool_less_exclusions.txt	LTP273	ltpFR	2	16	-1	PRESIDENT	1121	n/a	-1	n/a	n/a	n/a	n/a	n/a
3476727	REC_START	n/a	LTP273	ltpFR	2	n/a	n/a	n/a	n/a	n/a	n/a	n/a	n/a	n/a	n/a	n/a
3480705	FFR_REC_WORD	wordpools/wasnorm_wordpool_less_exclusions.txt	LTP273	ltpFR	2	n/a	-1	PIER	1063	n/a	-1	n/a	n/a	n/a	n/a	n/a
3483257	FFR_REC_WORD	wordpools/wasnorm_wordpool_less_exclusions.txt	LTP273	ltpFR	2	n/a	1	OYSTER	995	n/a	1	n/a	n/a	n/a	n/a	n/a
3485061	FFR_REC_WORD	wordpools/wasnorm_wordpool_less_exclusions.txt	LTP273	ltpFR	2	n/a	1	SEAFOOD	1260	n/a	1	n/a	n/a	n/a	n/a	n/a
3488239	FFR_REC_WORD	wordpools/wasnorm_wordpool_less_exclusions.txt	LTP273	ltpFR	2	n/a	0	RACCOON	1153	n/a	1	n/a	n/a	n/a	n/a	n/a
3490240	FFR_REC_WORD	wordpools/wasnorm_wordpool_less_exclusions.txt	LTP273	ltpFR	2	n/a	-1	LAGOON	795	n/a	-1	n/a	n/a	n/a	n/a	n/a
3493990	FFR_REC_WORD	wordpools/wasnorm_wordpool_less_exclusions.txt	LTP273	ltpFR	2	n/a	-1	COMMANDER	354	n/a	-1	n/a	n/a	n/a	n/a	n/a
3496447	FFR_REC_WORD	wordpools/wasnorm_wordpool_less_exclusions.txt	LTP273	ltpFR	2	n/a	1	LION	827	n/a	1	n/a	n/a	n/a	n/a	n/a
3497842	FFR_REC_WORD	wordpools/wasnorm_wordpool_less_exclusions.txt	LTP273	ltpFR	2	n/a	1	TIGER	1467	n/a	1	n/a	n/a	n/a	n/a	n/a
3499056	FFR_REC_WORD	wordpools/wasnorm_wordpool_less_exclusions.txt	LTP273	ltpFR	2	n/a	0	ROOT	1210	n/a	0	n/a	n/a	n/a	n/a	n/a
3508272	FFR_REC_WORD	wordpools/wasnorm_wordpool_less_exclusions.txt	LTP273	ltpFR	2	n/a	0	MONGOOSE	909	n/a	1	n/a	n/a	n/a	n/a	n/a
3511338	FFR_REC_WORD	wordpools/wasnorm_wordpool_less_exclusions.txt	LTP273	ltpFR	2	n/a	0	WIRE	1616	n/a	0	n/a	n/a	n/a	n/a	n/a
3513035	FFR_REC_WORD	wordpools/wasnorm_wordpool_less_exclusions.txt	LTP273	ltpFR	2	n/a	0	RAIL	1161	n/a	1	n/a	n/a	n/a	n/a	n/a
3516285	FFR_REC_WORD	wordpools/wasnorm_wordpool_less_exclusions.txt	LTP273	ltpFR	2	n/a	1	GRAPE	654	n/a	1	n/a	n/a	n/a	n/a	n/a
3526296	FFR_REC_WORD	wordpools/wasnorm_wordpool_less_exclusions.txt	LTP273	ltpFR	2	n/a	1	DANDRUFF	439	n/a	0	n/a	n/a	n/a	n/a	n/a
3541391	FFR_REC_WORD	wordpools/wasnorm_wordpool_less_exclusions.txt	LTP273	ltpFR	2	n/a	0	LEG	809	n/a	1	n/a	n/a	n/a	n/a	n/a
3544724	FFR_REC_WORD	wordpools/wasnorm_wordpool_less_exclusions.txt	LTP273	ltpFR	2	n/a	-1	TABLE	1426	n/a	-1	n/a	n/a	n/a	n/a	n/a
3546758	FFR_REC_WORD	wordpools/wasnorm_wordpool_less_exclusions.txt	LTP273	ltpFR	2	n/a	n/a	CHAIR	274	n/a	n/a	n/a	n/a	n/a	n/a	n/a
3548777	FFR_REC_WORD	wordpools/wasnorm_wordpool_less_exclusions.txt	LTP273	ltpFR	2	n/a	-1	DESK	452	n/a	-1	n/a	n/a	n/a	n/a	n/a
3550331	FFR_REC_WORD	wordpools/wasnorm_wordpool_less_exclusions.txt	LTP273	ltpFR	2	n/a	-1	VEST	1559	n/a	-1	n/a	n/a	n/a	n/a	n/a
3553951	FFR_REC_WORD	wordpools/wasnorm_wordpool_less_exclusions.txt	LTP273	ltpFR	2	n/a	-1	CAPE	237	n/a	-1	n/a	n/a	n/a	n/a	n/a
3556045	FFR_REC_WORD	wordpools/wasnorm_wordpool_less_exclusions.txt	LTP273	ltpFR	2	n/a	1	STAFF	1365	n/a	1	n/a	n/a	n/a	n/a	n/a
3564273	FFR_REC_WORD	wordpools/wasnorm_wordpool_less_exclusions.txt	LTP273	ltpFR	2	n/a	1	COLLAR	345	n/a	0	n/a	n/a	n/a	n/a	n/a
3568490	FFR_REC_WORD	wordpools/wasnorm_wordpool_less_exclusions.txt	LTP273	ltpFR	2	n/a	0	PEOPLE	1046	n/a	1	n/a	n/a	n/a	n/a	n/a
3571136	FFR_REC_WORD	wordpools/wasnorm_wordpool_less_exclusions.txt	LTP273	ltpFR	2	n/a	0	TEAM	1441	n/a	1	n/a	n/a	n/a	n/a	n/a
3575956	FFR_REC_WORD	wordpools/wasnorm_wordpool_less_exclusions.txt	LTP273	ltpFR	2	n/a	0	CUBE	420	n/a	0	n/a	n/a	n/a	n/a	n/a
3580010	FFR_REC_WORD	wordpools/wasnorm_wordpool_less_exclusions.txt	LTP273	ltpFR	2	n/a	0	ESSAY	540	n/a	0	n/a	n/a	n/a	n/a	n/a
3581532	FFR_REC_WORD	wordpools/wasnorm_wordpool_less_exclusions.txt	LTP273	ltpFR	2	n/a	n/a	PAPER	1011	n/a	n/a	n/a	n/a	n/a	n/a	n/a
3587985	FFR_REC_WORD	wordpools/wasnorm_wordpool_less_exclusions.txt	LTP273	ltpFR	2	n/a	0	FELLOW	558	n/a	1	n/a	n/a	n/a	n/a	n/a
3602799	FFR_REC_WORD	wordpools/wasnorm_wordpool_less_exclusions.txt	LTP273	ltpFR	2	n/a	n/a	JAGUAR	-1	n/a	n/a	n/a	n/a	n/a	n/a	n/a
3607907	FFR_REC_WORD	wordpools/wasnorm_wordpool_less_exclusions.txt	LTP273	ltpFR	2	n/a	0	PAIL	1002	n/a	0	n/a	n/a	n/a	n/a	n/a
3611692	FFR_REC_WORD	wordpools/wasnorm_wordpool_less_exclusions.txt	LTP273	ltpFR	2	n/a	0	STAKE	1368	n/a	0	n/a	n/a	n/a	n/a	n/a
3618864	FFR_REC_WORD	wordpools/wasnorm_wordpool_less_exclusions.txt	LTP273	ltpFR	2	n/a	1	SHRIMP	1297	n/a	1	n/a	n/a	n/a	n/a	n/a
3647808	FFR_REC_WORD	wordpools/wasnorm_wordpool_less_exclusions.txt	LTP273	ltpFR	2	n/a	1	EMPLOYEE	531	n/a	1	n/a	n/a	n/a	n/a	n/a
3658498	FFR_REC_WORD	wordpools/wasnorm_wordpool_less_exclusions.txt	LTP273	ltpFR	2	n/a	0	HOUSE	725	n/a	1	n/a	n/a	n/a	n/a	n/a
3668684	FFR_REC_WORD	wordpools/wasnorm_wordpool_less_exclusions.txt	LTP273	ltpFR	2	n/a	1	GALAXY	617	n/a	0	n/a	n/a	n/a	n/a	n/a
3675172	FFR_REC_WORD	wordpools/wasnorm_wordpool_less_exclusions.txt	LTP273	ltpFR	2	n/a	0	ZEBRA	1635	n/a	1	n/a	n/a	n/a	n/a	n/a
3683260	FFR_REC_WORD	wordpools/wasnorm_wordpool_less_exclusions.txt	LTP273	ltpFR	2	n/a	1	OYSTER	995	n/a	1	n/a	n/a	n/a	n/a	n/a
3732152	FFR_REC_WORD	wordpools/wasnorm_wordpool_less_exclusions.txt	LTP273	ltpFR	2	n/a	0	SEA	1259	n/a	1	n/a	n/a	n/a	n/a	n/a
3765716	FFR_REC_WORD	wordpools/wasnorm_wordpool_less_exclusions.txt	LTP273	ltpFR	2	n/a	1	STUMP	1396	n/a	0	n/a	n/a	n/a	n/a	n/a
3767603	FFR_REC_WORD	wordpools/wasnorm_wordpool_less_exclusions.txt	LTP273	ltpFR	2	n/a	1	DUMP	505	n/a	0	n/a	n/a	n/a	n/a	n/a
3826153	REC_START	n/a	LTP273	ltpFR	2	1	n/a	n/a	n/a	n/a	n/a	n/a	n/a	n/a	n/a	n/a
3826202	RECOG_LURE	n/a	LTP273	ltpFR	2	1	n/a	CIRCUS	311	n/a	n/a	n/a	n/a	n/a	n/a	n/a
3831137	RECOG_LURE	n/a	LTP273	ltpFR	2	1	n/a	TRIGGER	1507	n/a	n/a	n/a	n/a	n/a	n/a	n/a
3835061	RECOG_TARGET	n/a	LTP273	ltpFR	2	1	-1	AIRPORT	13	n/a	-1	n/a	n/a	n/a	n/a	n/a
3840365	RECOG_TARGET	n/a	LTP273	ltpFR	2	1	0	TOY	1492	n/a	0	n/a	n/a	n/a	n/a	n/a
3843910	RECOG_TARGET	n/a	LTP273	ltpFR	2	1	0	PAIL	1002	n/a	0	n/a	n/a	n/a	n/a	n/a
3847849	RECOG_TARGET	n/a	LTP273	ltpFR	2	1	0	DUCK	504	n/a	1	n/a	n/a	n/a	n/a	n/a
3851363	RECOG_LURE	n/a	LTP273	ltpFR	2	1	n/a	GROCERY	664	n/a	n/a	n/a	n/a	n/a	n/a	n/a
3854768	RECOG_TARGET	n/a	LTP273	ltpFR	2	1	-1	OTTER	986	n/a	-1	n/a	n/a	n/a	n/a	n/a
3858249	RECOG_TARGET	n/a	LTP273	ltpFR	2	1	1	DIVER	476	n/a	1	n/a	n/a	n/a	n/a	n/a
3861619	RECOG_TARGET	n/a	LTP273	ltpFR	2	1	-1	BUN	197	n/a	-1	n/a	n/a	n/a	n/a	n/a
3864806	RECOG_TARGET	n/a	LTP273	ltpFR	2	1	-1	FORT	595	n/a	-1	n/a	n/a	n/a	n/a	n/a
3868026	RECOG_TARGET	n/a	LTP273	ltpFR	2	1	1	SAP	1233	n/a	0	n/a	n/a	n/a	n/a	n/a
3871372	RECOG_TARGET	n/a	LTP273	ltpFR	2	1	1	LEAF	808	n/a	0	n/a	n/a	n/a	n/a	n/a
3874551	RECOG_TARGET	n/a	LTP273	ltpFR	2	1	1	COOKBOOK	373	n/a	0	n/a	n/a	n/a	n/a	n/a
3877595	RECOG_TARGET	n/a	LTP273	ltpFR	2	1	1	SLIDE	1326	n/a	0	n/a	n/a	n/a	n/a	n/a
3880590	RECOG_LURE	n/a	LTP273	ltpFR	2	1	n/a	EARTH	515	n/a	n/a	n/a	n/a	n/a	n/a	n/a
3883534	RECOG_LURE	n/a	LTP273	ltpFR	2	1	n/a	FLASK	576	n/a	n/a	n/a	n/a	n/a	n/a	n/a
3886739	RECOG_TARGET	n/a	LTP273	ltpFR	2	1	0	CUPBOARD	425	n/a	1	n/a	n/a	n/a	n/a	n/a
3889667	RECOG_TARGET	n/a	LTP273	ltpFR	2	1	1	SHOP	1290	n/a	0	n/a	n/a	n/a	n/a	n/a
3893003	RECOG_TARGET	n/a	LTP273	ltpFR	2	1	1	INSTRUCTOR	741	n/a	1	n/a	n/a	n/a	n/a	n/a
3900238	REC_START	n/a	LTP273	ltpFR	2	2	n/a	n/a	n/a	n/a	n/a	n/a	n/a	n/a	n/a	n/a
3900291	RECOG_LURE	n/a	LTP273	ltpFR	2	2	n/a	DIGGER	464	n/a	n/a	n/a	n/a	n/a	n/a	n/a
3903560	RECOG_LURE	n/a	LTP273	ltpFR	2	2	n/a	ARTICLE	42	n/a	n/a	n/a	n/a	n/a	n/a	n/a
3907083	RECOG_TARGET	n/a	LTP273	ltpFR	2	2	-1	SMOG	1330	n/a	-1	n/a	n/a	n/a	n/a	n/a
3911021	RECOG_TARGET	n/a	LTP273	ltpFR	2	2	0	MITTEN	902	n/a	0	n/a	n/a	n/a	n/a	n/a
3914133	RECOG_TARGET	n/a	LTP273	ltpFR	2	2	1	HARE	688	n/a	1	n/a	n/a	n/a	n/a	n/a
3917395	RECOG_LURE	n/a	LTP273	ltpFR	2	2	n/a	PLAID	1080	n/a	n/a	n/a	n/a	n/a	n/a	n/a
3921895	RECOG_TARGET	n/a	LTP273	ltpFR	2	2	0	PAGE	1001	n/a	0	n/a	n/a	n/a	n/a	n/a
3925826	RECOG_TARGET	n/a	LTP273	ltpFR	2	2	1	BASSINET	97	n/a	0	n/a	n/a	n/a	n/a	n/a
3929534	RECOG_TARGET	n/a	LTP273	ltpFR	2	2	-1	POOL	1103	n/a	-1	n/a	n/a	n/a	n/a	n/a
3932502	RECOG_LURE	n/a	LTP273	ltpFR	2	2	n/a	BEAD	103	n/a	n/a	n/a	n/a	n/a	n/a	n/a
3936159	RECOG_LURE	n/a	LTP273	ltpFR	2	2	n/a	THREAD	1460	n/a	n/a	n/a	n/a	n/a	n/a	n/a
3939405	RECOG_LURE	n/a	LTP273	ltpFR	2	2	n/a	IGLOO	734	n/a	n/a	n/a	n/a	n/a	n/a	n/a
3942633	RECOG_TARGET	n/a	LTP273	ltpFR	2	2	-1	SHACK	1273	n/a	-1	n/a	n/a	n/a	n/a	n/a
3946221	RECOG_LURE	n/a	LTP273	ltpFR	2	2	n/a	JURY	766	n/a	n/a	n/a	n/a	n/a	n/a	n/a
3949783	RECOG_TARGET	n/a	LTP273	ltpFR	2	2	0	ORNAMENT	985	n/a	0	n/a	n/a	n/a	n/a	n/a
3953665	RECOG_TARGET	n/a	LTP273	ltpFR	2	2	1	CALF	222	n/a	1	n/a	n/a	n/a	n/a	n/a
3956943	RECOG_LURE	n/a	LTP273	ltpFR	2	2	n/a	BLUEBERRY	140	n/a	n/a	n/a	n/a	n/a	n/a	n/a
3960709	RECOG_TARGET	n/a	LTP273	ltpFR	2	2	0	STRING	1394	n/a	0	n/a	n/a	n/a	n/a	n/a
3964523	RECOG_TARGET	n/a	LTP273	ltpFR	2	2	1	ATTORNEY	58	n/a	1	n/a	n/a	n/a	n/a	n/a
3971074	RECOG_LURE	n/a	LTP273	ltpFR	2	2	n/a	TRASH	1497	n/a	n/a	n/a	n/a	n/a	n/a	n/a
3986624	REC_START	n/a	LTP273	ltpFR	2	3	n/a	n/a	n/a	n/a	n/a	n/a	n/a	n/a	n/a	n/a
3986673	RECOG_LURE	n/a	LTP273	ltpFR	2	3	n/a	MILK	895	n/a	n/a	n/a	n/a	n/a	n/a	n/a
3989901	RECOG_TARGET	n/a	LTP273	ltpFR	2	3	-1	FROG	608	n/a	-1	n/a	n/a	n/a	n/a	n/a
3993976	RECOG_LURE	n/a	LTP273	ltpFR	2	3	n/a	LIMB	822	n/a	n/a	n/a	n/a	n/a	n/a	n/a
3998100	RECOG_TARGET	n/a	LTP273	ltpFR	2	3	1	BLANKET	135	n/a	0	n/a	n/a	n/a	n/a	n/a
4002626	RECOG_TARGET	n/a	LTP273	ltpFR	2	3	1	CARROT	249	n/a	1	n/a	n/a	n/a	n/a	n/a
4005978	RECOG_TARGET	n/a	LTP273	ltpFR	2	3	1	COACH	331	n/a	1	n/a	n/a	n/a	n/a	n/a
4009876	RECOG_LURE	n/a	LTP273	ltpFR	2	3	n/a	GROOM	665	n/a	n/a	n/a	n/a	n/a	n/a	n/a
4013524	RECOG_TARGET	n/a	LTP273	ltpFR	2	3	1	DOLPHIN	483	n/a	1	n/a	n/a	n/a	n/a	n/a
4016596	RECOG_LURE	n/a	LTP273	ltpFR	2	3	n/a	PRINCE	1124	n/a	n/a	n/a	n/a	n/a	n/a	n/a
4020627	RECOG_TARGET	n/a	LTP273	ltpFR	2	3	1	GANG	619	n/a	1	n/a	n/a	n/a	n/a	n/a
4024047	RECOG_TARGET	n/a	LTP273	ltpFR	2	3	1	SOFTBALL	1343	n/a	0	n/a	n/a	n/a	n/a	n/a
4027494	RECOG_LURE	n/a	LTP273	ltpFR	2	3	n/a	POTTERY	1116	n/a	n/a	n/a	n/a	n/a	n/a	n/a
4030488	RECOG_TARGET	n/a	LTP273	ltpFR	2	3	0	CACTUS	215	n/a	1	n/a	n/a	n/a	n/a	n/a
4033667	RECOG_LURE	n/a	LTP273	ltpFR	2	3	n/a	KETCHUP	771	n/a	n/a	n/a	n/a	n/a	n/a	n/a
4036787	RECOG_TARGET	n/a	LTP273	ltpFR	2	3	1	LABYRINTH	791	n/a	0	n/a	n/a	n/a	n/a	n/a
4039916	RECOG_TARGET	n/a	LTP273	ltpFR	2	3	0	NEWSPAPER	948	n/a	1	n/a	n/a	n/a	n/a	n/a
4043019	RECOG_TARGET	n/a	LTP273	ltpFR	2	3	-1	FOOT	590	n/a	-1	n/a	n/a	n/a	n/a	n/a
4046147	RECOG_TARGET	n/a	LTP273	ltpFR	2	3	-1	TERMITE	1451	n/a	-1	n/a	n/a	n/a	n/a	n/a
4049460	RECOG_LURE	n/a	LTP273	ltpFR	2	3	n/a	STAGE	1366	n/a	n/a	n/a	n/a	n/a	n/a	n/a
4052714	RECOG_LURE	n/a	LTP273	ltpFR	2	3	n/a	FAMILY	550	n/a	n/a	n/a	n/a	n/a	n/a	n/a
4058949	REC_START	n/a	LTP273	ltpFR	2	4	n/a	n/a	n/a	n/a	n/a	n/a	n/a	n/a	n/a	n/a
4059005	RECOG_TARGET	n/a	LTP273	ltpFR	2	4	1	PANTHER	1009	n/a	1	n/a	n/a	n/a	n/a	n/a
4062107	RECOG_LURE	n/a	LTP273	ltpFR	2	4	n/a	HOSTAGE	722	n/a	n/a	n/a	n/a	n/a	n/a	n/a
4065162	RECOG_LURE	n/a	LTP273	ltpFR	2	4	n/a	CUSHION	428	n/a	n/a	n/a	n/a	n/a	n/a	n/a
4068130	RECOG_TARGET	n/a	LTP273	ltpFR	2	4	-1	STOCKING	1383	n/a	-1	n/a	n/a	n/a	n/a	n/a
4071201	RECOG_TARGET	n/a	LTP273	ltpFR	2	4	1	DUMP	505	n/a	0	n/a	n/a	n/a	n/a	n/a
4074387	RECOG_LURE	n/a	LTP273	ltpFR	2	4	n/a	PORK	1108	n/a	n/a	n/a	n/a	n/a	n/a	n/a
4077425	RECOG_LURE	n/a	LTP273	ltpFR	2	4	n/a	FINGERNAIL	568	n/a	n/a	n/a	n/a	n/a	n/a	n/a
4081096	RECOG_LURE	n/a	LTP273	ltpFR	2	4	n/a	LIBRARY	816	n/a	n/a	n/a	n/a	n/a	n/a	n/a
4084358	RECOG_TARGET	n/a	LTP273	ltpFR	2	4	1	FRECKLE	602	n/a	0	n/a	n/a	n/a	n/a	n/a
4087346	RECOG_LURE	n/a	LTP273	ltpFR	2	4	n/a	TREASURE	1500	n/a	n/a	n/a	n/a	n/a	n/a	n/a
4090865	RECOG_TARGET	n/a	LTP273	ltpFR	2	4	0	HAY	693	n/a	1	n/a	n/a	n/a	n/a	n/a
4094162	RECOG_LURE	n/a	LTP273	ltpFR	2	4	n/a	WALRUS	1585	n/a	n/a	n/a	n/a	n/a	n/a	n/a
4098444	RECOG_TARGET	n/a	LTP273	ltpFR	2	4	0	RAISIN	1163	n/a	0	n/a	n/a	n/a	n/a	n/a
4101739	RECOG_TARGET	n/a	LTP273	ltpFR	2	4	0	CUP	424	n/a	0	n/a	n/a	n/a	n/a	n/a
4105564	RECOG_TARGET	n/a	LTP273	ltpFR	2	4	-1	HAMBURGER	679	n/a	-1	n/a	n/a	n/a	n/a	n/a
4108432	RECOG_TARGET	n/a	LTP273	ltpFR	2	4	0	CAGE	218	n/a	0	n/a	n/a	n/a	n/a	n/a
4111577	RECOG_LURE	n/a	LTP273	ltpFR	2	4	n/a	DEPUTY	450	n/a	n/a	n/a	n/a	n/a	n/a	n/a
4114781	RECOG_LURE	n/a	LTP273	ltpFR	2	4	n/a	MOP	916	n/a	n/a	n/a	n/a	n/a	n/a	n/a
4117950	RECOG_LURE	n/a	LTP273	ltpFR	2	4	n/a	SCREEN	1253	n/a	n/a	n/a	n/a	n/a	n/a	n/a
4121264	RECOG_TARGET	n/a	LTP273	ltpFR	2	4	0	LENS	811	n/a	0	n/a	n/a	n/a	n/a	n/a
4126268	REC_START	n/a	LTP273	ltpFR	2	5	n/a	n/a	n/a	n/a	n/a	n/a	n/a	n/a	n/a	n/a
4126326	RECOG_TARGET	n/a	LTP273	ltpFR	2	5	0	SHED	1277	n/a	1	n/a	n/a	n/a	n/a	n/a
4130197	RECOG_LURE	n/a	LTP273	ltpFR	2	5	n/a	MUFFIN	929	n/a	n/a	n/a	n/a	n/a	n/a	n/a
4133610	RECOG_TARGET	n/a	LTP273	ltpFR	2	5	0	SALESMAN	1225	n/a	1	n/a	n/a	n/a	n/a	n/a
4136638	RECOG_LURE	n/a	LTP273	ltpFR	2	5	n/a	MEAT	883	n/a	n/a	n/a	n/a	n/a	n/a	n/a
4141716	RECOG_TARGET	n/a	LTP273	ltpFR	2	5	1	KING	777	n/a	1	n/a	n/a	n/a	n/a	n/a
4145030	RECOG_TARGET	n/a	LTP273	ltpFR	2	5	1	LEMON	810	n/a	0	n/a	n/a	n/a	n/a	n/a
4149336	RECOG_TARGET	n/a	LTP273	ltpFR	2	5	0	CHEF	290	n/a	1	n/a	n/a	n/a	n/a	n/a
4152908	RECOG_LURE	n/a	LTP273	ltpFR	2	5	n/a	REPORT	1184	n/a	n/a	n/a	n/a	n/a	n/a	n/a
4161775	RECOG_TARGET	n/a	LTP273	ltpFR	2	5	-1	PENGUIN	1044	n/a	-1	n/a	n/a	n/a	n/a	n/a
4166818	RECOG_TARGET	n/a	LTP273	ltpFR	2	5	-1	NET	946	n/a	-1	n/a	n/a	n/a	n/a	n/a
4171011	RECOG_TARGET	n/a	LTP273	ltpFR	2	5	1	HAT	690	n/a	0	n/a	n/a	n/a	n/a	n/a
4174173	RECOG_LURE	n/a	LTP273	ltpFR	2	5	n/a	CAR	241	n/a	n/a	n/a	n/a	n/a	n/a	n/a
4177576	RECOG_TARGET	n/a	LTP273	ltpFR	2	5	1	VIKING	1565	n/a	1	n/a	n/a	n/a	n/a	n/a
4180614	RECOG_TARGET	n/a	LTP273	ltpFR	2	5	0	TEAPOT	1442	n/a	0	n/a	n/a	n/a	n/a	n/a
4184177	RECOG_LURE	n/a	LTP273	ltpFR	2	5	n/a	COFFEE	341	n/a	n/a	n/a	n/a	n/a	n/a	n/a
4187880	RECOG_TARGET	n/a	LTP273	ltpFR	2	5	-1	SEAT	1264	n/a	-1	n/a	n/a	n/a	n/a	n/a
4191103	RECOG_LURE	n/a	LTP273	ltpFR	2	5	n/a	GOVERNOR	651	n/a	n/a	n/a	n/a	n/a	n/a	n/a
4194657	RECOG_LURE	n/a	LTP273	ltpFR	2	5	n/a	TOMB	1477	n/a	n/a	n/a	n/a	n/a	n/a	n/a
4198388	RECOG_LURE	n/a	LTP273	ltpFR	2	5	n/a	DOCUMENT	479	n/a	n/a	n/a	n/a	n/a	n/a	n/a
4201617	RECOG_TARGET	n/a	LTP273	ltpFR	2	5	0	AFRICA	9	n/a	1	n/a	n/a	n/a	n/a	n/a
4207179	REC_START	n/a	LTP273	ltpFR	2	6	n/a	n/a	n/a	n/a	n/a	n/a	n/a	n/a	n/a	n/a
4207238	RECOG_LURE	n/a	LTP273	ltpFR	2	6	n/a	CLOVE	329	n/a	n/a	n/a	n/a	n/a	n/a	n/a
4211028	RECOG_LURE	n/a	LTP273	ltpFR	2	6	n/a	REFRIGERATOR	1179	n/a	n/a	n/a	n/a	n/a	n/a	n/a
4214549	RECOG_TARGET	n/a	LTP273	ltpFR	2	6	1	PAD	998	n/a	0	n/a	n/a	n/a	n/a	n/a
4218028	RECOG_TARGET	n/a	LTP273	ltpFR	2	6	1	TOOTH	1481	n/a	0	n/a	n/a	n/a	n/a	n/a
4221207	RECOG_LURE	n/a	LTP273	ltpFR	2	6	n/a	WAITRESS	1581	n/a	n/a	n/a	n/a	n/a	n/a	n/a
4224930	RECOG_LURE	n/a	LTP273	ltpFR	2	6	n/a	MATCH	878	n/a	n/a	n/a	n/a	n/a	n/a	n/a
4229037	RECOG_TARGET	n/a	LTP273	ltpFR	2	6	0	LEG	809	n/a	1	n/a	n/a	n/a	n/a	n/a
4233001	RECOG_TARGET	n/a	LTP273	ltpFR	2	6	1	OYSTER	995	n/a	1	n/a	n/a	n/a	n/a	n/a
4236023	RECOG_LURE	n/a	LTP273	ltpFR	2	6	n/a	RELISH	1183	n/a	n/a	n/a	n/a	n/a	n/a	n/a
4239376	RECOG_LURE	n/a	LTP273	ltpFR	2	6	n/a	DAD	433	n/a	n/a	n/a	n/a	n/a	n/a	n/a
4242881	RECOG_TARGET	n/a	LTP273	ltpFR	2	6	1	CIGAR	308	n/a	0	n/a	n/a	n/a	n/a	n/a
4246352	RECOG_LURE	n/a	LTP273	ltpFR	2	6	n/a	COMET	353	n/a	n/a	n/a	n/a	n/a	n/a	n/a
4251972	RECOG_TARGET	n/a	LTP273	ltpFR	2	6	0	PUBLISHER	1137	n/a	1	n/a	n/a	n/a	n/a	n/a
4255453	RECOG_TARGET	n/a	LTP273	ltpFR	2	6	-1	PIER	1063	n/a	-1	n/a	n/a	n/a	n/a	n/a
4258615	RECOG_TARGET	n/a	LTP273	ltpFR	2	6	1	PORPOISE	1109	n/a	1	n/a	n/a	n/a	n/a	n/a
4263075	RECOG_LURE	n/a	LTP273	ltpFR	2	6	n/a	NURSERY	964	n/a	n/a	n/a	n/a	n/a	n/a	n/a
4266638	RECOG_TARGET	n/a	LTP273	ltpFR	2	6	-1	MONSTER	912	n/a	-1	n/a	n/a	n/a	n/a	n/a
4269956	RECOG_TARGET	n/a	LTP273	ltpFR	2	6	0	ASIA	46	n/a	1	n/a	n/a	n/a	n/a	n/a
4272884	RECOG_TARGET	n/a	LTP273	ltpFR	2	6	0	TEAM	1441	n/a	1	n/a	n/a	n/a	n/a	n/a
4275689	RECOG_TARGET	n/a	LTP273	ltpFR	2	6	1	DAISY	435	n/a	1	n/a	n/a	n/a	n/a	n/a
4282001	REC_START	n/a	LTP273	ltpFR	2	7	n/a	n/a	n/a	n/a	n/a	n/a	n/a	n/a	n/a	n/a
4282053	RECOG_TARGET	n/a	LTP273	ltpFR	2	7	1	GRAPE	654	n/a	1	n/a	n/a	n/a	n/a	n/a
4285308	RECOG_TARGET	n/a	LTP273	ltpFR	2	7	1	BABY	64	n/a	1	n/a	n/a	n/a	n/a	n/a
4288645	RECOG_LURE	n/a	LTP273	ltpFR	2	7	n/a	PIGMENT	1066	n/a	n/a	n/a	n/a	n/a	n/a	n/a
4291966	RECOG_TARGET	n/a	LTP273	ltpFR	2	7	0	JELLO	754	n/a	0	n/a	n/a	n/a	n/a	n/a
4295420	RECOG_LURE	n/a	LTP273	ltpFR	2	7	n/a	DENTIST	447	n/a	n/a	n/a	n/a	n/a	n/a	n/a
4299010	RECOG_LURE	n/a	LTP273	ltpFR	2	7	n/a	CAVE	263	n/a	n/a	n/a	n/a	n/a	n/a	n/a
4302389	RECOG_LURE	n/a	LTP273	ltpFR	2	7	n/a	SIRLOIN	1311	n/a	n/a	n/a	n/a	n/a	n/a	n/a
4305959	RECOG_LURE	n/a	LTP273	ltpFR	2	7	n/a	HAIL	676	n/a	n/a	n/a	n/a	n/a	n/a	n/a
4309790	RECOG_TARGET	n/a	LTP273	ltpFR	2	7	-1	SIREN	1310	n/a	-1	n/a	n/a	n/a	n/a	n/a
4313020	RECOG_LURE	n/a	LTP273	ltpFR	2	7	n/a	TRAIN	1494	n/a	n/a	n/a	n/a	n/a	n/a	n/a
4316382	RECOG_LURE	n/a	LTP273	ltpFR	2	7	n/a	GYM	674	n/a	n/a	n/a	n/a	n/a	n/a	n/a
4321217	RECOG_TARGET	n/a	LTP273	ltpFR	2	7	1	REFEREE	1178	n/a	1	n/a	n/a	n/a	n/a	n/a
4324389	RECOG_LURE	n/a	LTP273	ltpFR	2	7	n/a	JOKER	759	n/a	n/a	n/a	n/a	n/a	n/a	n/a
4327942	RECOG_LURE	n/a	LTP273	ltpFR	2	7	n/a	ADOLESCENT	7	n/a	n/a	n/a	n/a	n/a	n/a	n/a
4331138	RECOG_TARGET	n/a	LTP273	ltpFR	2	7	0	WAGON	1578	n/a	1	n/a	n/a	n/a	n/a	n/a
4335430	RECOG_TARGET	n/a	LTP273	ltpFR	2	7	1	QUARTER	1148	n/a	0	n/a	n/a	n/a	n/a	n/a
4338516	RECOG_LURE	n/a	LTP273	ltpFR	2	7	n/a	SENATOR	1268	n/a	n/a	n/a	n/a	n/a	n/a	n/a
4343785	RECOG_TARGET	n/a	LTP273	ltpFR	2	7	0	RAIL	1161	n/a	1	n/a	n/a	n/a	n/a	n/a
4347567	RECOG_TARGET	n/a	LTP273	ltpFR	2	7	0	RUBY	1214	n/a	0	n/a	n/a	n/a	n/a	n/a
4350728	RECOG_LURE	n/a	LTP273	ltpFR	2	7	n/a	ARTERY	41	n/a	n/a	n/a	n/a	n/a	n/a	n/a
4366674	REC_START	n/a	LTP273	ltpFR	2	8	n/a	n/a	n/a	n/a	n/a	n/a	n/a	n/a	n/a	n/a
4366721	RECOG_TARGET	n/a	LTP273	ltpFR	2	8	1	VICTOR	1563	n/a	1	n/a	n/a	n/a	n/a	n/a
4369783	RECOG_LURE	n/a	LTP273	ltpFR	2	8	n/a	EDITORIAL	517	n/a	n/a	n/a	n/a	n/a	n/a	n/a
4372954	RECOG_TARGET	n/a	LTP273	ltpFR	2	8	0	MISTER	901	n/a	1	n/a	n/a	n/a	n/a	n/a
4375889	RECOG_TARGET	n/a	LTP273	ltpFR	2	8	-1	CHAIRPERSON	275	n/a	-1	n/a	n/a	n/a	n/a	n/a
4378617	RECOG_LURE	n/a	LTP273	ltpFR	2	8	n/a	BIKE	125	n/a	n/a	n/a	n/a	n/a	n/a	n/a
4382431	RECOG_TARGET	n/a	LTP273	ltpFR	2	8	-1	COMMANDER	354	n/a	-1	n/a	n/a	n/a	n/a	n/a
4385302	RECOG_TARGET	n/a	LTP273	ltpFR	2	8	0	WIRE	1616	n/a	0	n/a	n/a	n/a	n/a	n/a
4388229	RECOG_LURE	n/a	LTP273	ltpFR	2	8	n/a	SHAMPOO	1274	n/a	n/a	n/a	n/a	n/a	n/a	n/a
4391332	RECOG_LURE	n/a	LTP273	ltpFR	2	8	n/a	SURVEY	1414	n/a	n/a	n/a	n/a	n/a	n/a	n/a
4394219	RECOG_TARGET	n/a	LTP273	ltpFR	2	8	1	DASHBOARD	441	n/a	0	n/a	n/a	n/a	n/a	n/a
4397197	RECOG_TARGET	n/a	LTP273	ltpFR	2	8	0	TOWEL	1489	n/a	0	n/a	n/a	n/a	n/a	n/a
4400258	RECOG_TARGET	n/a	LTP273	ltpFR	2	8	-1	OINTMENT	974	n/a	-1	n/a	n/a	n/a	n/a	n/a
4403794	RECOG_LURE	n/a	LTP273	ltpFR	2	8	n/a	JUPITER	765	n/a	n/a	n/a	n/a	n/a	n/a	n/a
4406822	RECOG_TARGET	n/a	LTP273	ltpFR	2	8	-1	MICROWAVE	892	n/a	-1	n/a	n/a	n/a	n/a	n/a
4410814	RECOG_TARGET	n/a	LTP273	ltpFR	2	8	0	BROCCOLI	176	n/a	0	n/a	n/a	n/a	n/a	n/a
4413782	RECOG_TARGET	n/a	LTP273	ltpFR	2	8	1	NIGHTGOWN	953	n/a	0	n/a	n/a	n/a	n/a	n/a
4417363	RECOG_LURE	n/a	LTP273	ltpFR	2	8	n/a	LUNG	850	n/a	n/a	n/a	n/a	n/a	n/a	n/a
4421946	RECOG_TARGET	n/a	LTP273	ltpFR	2	8	1	DANDRUFF	439	n/a	0	n/a	n/a	n/a	n/a	n/a
4424857	RECOG_LURE	n/a	LTP273	ltpFR	2	8	n/a	CANE	231	n/a	n/a	n/a	n/a	n/a	n/a	n/a
4428029	RECOG_TARGET	n/a	LTP273	ltpFR	2	8	0	ROOT	1210	n/a	0	n/a	n/a	n/a	n/a	n/a
4453859	REC_START	n/a	LTP273	ltpFR	2	9	n/a	n/a	n/a	n/a	n/a	n/a	n/a	n/a	n/a	n/a
4453926	RECOG_TARGET	n/a	LTP273	ltpFR	2	9	1	POLICE	1098	n/a	1	n/a	n/a	n/a	n/a	n/a
4458401	RECOG_LURE	n/a	LTP273	ltpFR	2	9	n/a	SCALE	1241	n/a	n/a	n/a	n/a	n/a	n/a	n/a
4461389	RECOG_TARGET	n/a	LTP273	ltpFR	2	9	1	FLESH	579	n/a	1	n/a	n/a	n/a	n/a	n/a
4464166	RECOG_TARGET	n/a	LTP273	ltpFR	2	9	1	MOB	904	n/a	1	n/a	n/a	n/a	n/a	n/a
4472253	RECOG_TARGET	n/a	LTP273	ltpFR	2	9	0	DART	440	n/a	0	n/a	n/a	n/a	n/a	n/a
4478661	RECOG_TARGET	n/a	LTP273	ltpFR	2	9	0	BEAN	105	n/a	0	n/a	n/a	n/a	n/a	n/a
4483673	RECOG_TARGET	n/a	LTP273	ltpFR	2	9	0	BINDER	127	n/a	0	n/a	n/a	n/a	n/a	n/a
4488714	RECOG_TARGET	n/a	LTP273	ltpFR	2	9	1	CATCHER	258	n/a	1	n/a	n/a	n/a	n/a	n/a
4491802	RECOG_TARGET	n/a	LTP273	ltpFR	2	9	1	COLLAR	345	n/a	0	n/a	n/a	n/a	n/a	n/a
4495240	RECOG_LURE	n/a	LTP273	ltpFR	2	9	n/a	LEVER	815	n/a	n/a	n/a	n/a	n/a	n/a	n/a
4501105	RECOG_LURE	n/a	LTP273	ltpFR	2	9	n/a	ROBOT	1200	n/a	n/a	n/a	n/a	n/a	n/a	n/a
4505027	RECOG_LURE	n/a	LTP273	ltpFR	2	9	n/a	EARRING	514	n/a	n/a	n/a	n/a	n/a	n/a	n/a
4510681	RECOG_LURE	n/a	LTP273	ltpFR	2	9	n/a	BOOTH	151	n/a	n/a	n/a	n/a	n/a	n/a	n/a
4513768	RECOG_TARGET	n/a	LTP273	ltpFR	2	9	-1	OVAL	990	n/a	-1	n/a	n/a	n/a	n/a	n/a
4516763	RECOG_TARGET	n/a	LTP273	ltpFR	2	9	0	FLOWER	584	n/a	0	n/a	n/a	n/a	n/a	n/a
4520401	RECOG_LURE	n/a	LTP273	ltpFR	2	9	n/a	PARIS	1014	n/a	n/a	n/a	n/a	n/a	n/a	n/a
4528499	RECOG_LURE	n/a	LTP273	ltpFR	2	9	n/a	CANDY	230	n/a	n/a	n/a	n/a	n/a	n/a	n/a
4532105	RECOG_TARGET	n/a	LTP273	ltpFR	2	9	0	PILOT	1070	n/a	1	n/a	n/a	n/a	n/a	n/a
4535742	RECOG_LURE	n/a	LTP273	ltpFR	2	9	n/a	BOTTLE	153	n/a	n/a	n/a	n/a	n/a	n/a	n/a
4540611	RECOG_TARGET	n/a	LTP273	ltpFR	2	9	0	LIST	830	n/a	0	n/a	n/a	n/a	n/a	n/a
4547052	REC_START	n/a	LTP273	ltpFR	2	10	n/a	n/a	n/a	n/a	n/a	n/a	n/a	n/a	n/a	n/a
4547119	RECOG_TARGET	n/a	LTP273	ltpFR	2	10	0	MUSHROOM	934	n/a	0	n/a	n/a	n/a	n/a	n/a
4550865	RECOG_TARGET	n/a	LTP273	ltpFR	2	10	0	TYPEWRITER	1531	n/a	1	n/a	n/a	n/a	n/a	n/a
4553703	RECOG_TARGET	n/a	LTP273	ltpFR	2	10	0	BALL	73	n/a	0	n/a	n/a	n/a	n/a	n/a
4556597	RECOG_LURE	n/a	LTP273	ltpFR	2	10	n/a	NITROGEN	954	n/a	n/a	n/a	n/a	n/a	n/a	n/a
4560051	RECOG_LURE	n/a	LTP273	ltpFR	2	10	n/a	PRISONER	1128	n/a	n/a	n/a	n/a	n/a	n/a	n/a
4563531	RECOG_TARGET	n/a	LTP273	ltpFR	2	10	1	BAKER	71	n/a	1	n/a	n/a	n/a	n/a	n/a
4566835	RECOG_TARGET	n/a	LTP273	ltpFR	2	10	-1	GARAGE	621	n/a	-1	n/a	n/a	n/a	n/a	n/a
4570005	RECOG_TARGET	n/a	LTP273	ltpFR	2	10	-1	COMMITTEE	355	n/a	-1	n/a	n/a	n/a	n/a	n/a
4573050	RECOG_TARGET	n/a	LTP273	ltpFR	2	10	1	PENCIL	1042	n/a	0	n/a	n/a	n/a	n/a	n/a
4576664	RECOG_LURE	n/a	LTP273	ltpFR	2	10	n/a	BACKBONE	66	n/a	n/a	n/a	n/a	n/a	n/a	n/a
4579841	RECOG_TARGET	n/a	LTP273	ltpFR	2	10	-1	TABLE	1426	n/a	-1	n/a	n/a	n/a	n/a	n/a
4582669	RECOG_LURE	n/a	LTP273	ltpFR	2	10	n/a	SCREWDRIVER	1255	n/a	n/a	n/a	n/a	n/a	n/a	n/a
4585857	RECOG_LURE	n/a	LTP273	ltpFR	2	10	n/a	CORD	379	n/a	n/a	n/a	n/a	n/a	n/a	n/a
4589378	RECOG_TARGET	n/a	LTP273	ltpFR	2	10	-1	STEAM	1375	n/a	-1	n/a	n/a	n/a	n/a	n/a
4592984	RECOG_LURE	n/a	LTP273	ltpFR	2	10	n/a	PELT	1040	n/a	n/a	n/a	n/a	n/a	n/a	n/a
4595952	RECOG_LURE	n/a	LTP273	ltpFR	2	10	n/a	PLAZA	1088	n/a	n/a	n/a	n/a	n/a	n/a	n/a
4598656	RECOG_TARGET	n/a	LTP273	ltpFR	2	10	1	MATTRESS	879	n/a	0	n/a	n/a	n/a	n/a	n/a
4602921	RECOG_TARGET	n/a	LTP273	ltpFR	2	10	-1	MOUNTAIN	924	n/a	-1	n/a	n/a	n/a	n/a	n/a
4605690	RECOG_LURE	n/a	LTP273	ltpFR	2	10	n/a	TUTU	1524	n/a	n/a	n/a	n/a	n/a	n/a	n/a
4608426	RECOG_TARGET	n/a	LTP273	ltpFR	2	10	0	MAJOR	859	n/a	0	n/a	n/a	n/a	n/a	n/a
4614766	REC_START	n/a	LTP273	ltpFR	2	11	n/a	n/a	n/a	n/a	n/a	n/a	n/a	n/a	n/a	n/a
4614816	RECOG_LURE	n/a	LTP273	ltpFR	2	11	n/a	YOLK	1633	n/a	n/a	n/a	n/a	n/a	n/a	n/a
4617911	RECOG_LURE	n/a	LTP273	ltpFR	2	11	n/a	ACROBAT	4	n/a	n/a	n/a	n/a	n/a	n/a	n/a
4625163	RECOG_TARGET	n/a	LTP273	ltpFR	2	11	0	CUBE	420	n/a	0	n/a	n/a	n/a	n/a	n/a
4632450	RECOG_LURE	n/a	LTP273	ltpFR	2	11	n/a	ZIPPER	1636	n/a	n/a	n/a	n/a	n/a	n/a	n/a
4635879	RECOG_TARGET	n/a	LTP273	ltpFR	2	11	0	ROOST	1208	n/a	1	n/a	n/a	n/a	n/a	n/a
4641190	RECOG_TARGET	n/a	LTP273	ltpFR	2	11	0	RACCOON	1153	n/a	1	n/a	n/a	n/a	n/a	n/a
4644228	RECOG_TARGET	n/a	LTP273	ltpFR	2	11	-1	PORCH	1106	n/a	-1	n/a	n/a	n/a	n/a	n/a
4647079	RECOG_LURE	n/a	LTP273	ltpFR	2	11	n/a	BRAKE	166	n/a	n/a	n/a	n/a	n/a	n/a	n/a
4651429	RECOG_TARGET	n/a	LTP273	ltpFR	2	11	-1	LOOP	844	n/a	-1	n/a	n/a	n/a	n/a	n/a
4654583	RECOG_LURE	n/a	LTP273	ltpFR	2	11	n/a	FLORIDA	582	n/a	n/a	n/a	n/a	n/a	n/a	n/a
4658381	RECOG_TARGET	n/a	LTP273	ltpFR	2	11	1	STAFF	1365	n/a	1	n/a	n/a	n/a	n/a	n/a
4662571	RECOG_TARGET	n/a	LTP273	ltpFR	2	11	1	RUM	1217	n/a	0	n/a	n/a	n/a	n/a	n/a
4665592	RECOG_TARGET	n/a	LTP273	ltpFR	2	11	0	TIMBER	1469	n/a	1	n/a	n/a	n/a	n/a	n/a
4669071	RECOG_TARGET	n/a	LTP273	ltpFR	2	11	-1	SCOTCH	1251	n/a	-1	n/a	n/a	n/a	n/a	n/a
4672032	RECOG_TARGET	n/a	LTP273	ltpFR	2	11	0	BEAVER	109	n/a	1	n/a	n/a	n/a	n/a	n/a
4674899	RECOG_LURE	n/a	LTP273	ltpFR	2	11	n/a	COUGAR	387	n/a	n/a	n/a	n/a	n/a	n/a	n/a
4678206	RECOG_TARGET	n/a	LTP273	ltpFR	2	11	1	AUTOMOBILE	62	n/a	0	n/a	n/a	n/a	n/a	n/a
4681935	RECOG_LURE	n/a	LTP273	ltpFR	2	11	n/a	BED	110	n/a	n/a	n/a	n/a	n/a	n/a	n/a
4685139	RECOG_TARGET	n/a	LTP273	ltpFR	2	11	0	TURKEY	1520	n/a	1	n/a	n/a	n/a	n/a	n/a
4688785	RECOG_LURE	n/a	LTP273	ltpFR	2	11	n/a	FLOOR	581	n/a	n/a	n/a	n/a	n/a	n/a	n/a
4699180	REC_START	n/a	LTP273	ltpFR	2	12	n/a	n/a	n/a	n/a	n/a	n/a	n/a	n/a	n/a	n/a
4699242	RECOG_TARGET	n/a	LTP273	ltpFR	2	12	0	PILLOW	1069	n/a	1	n/a	n/a	n/a	n/a	n/a
4703307	RECOG_LURE	n/a	LTP273	ltpFR	2	12	n/a	DRYER	503	n/a	n/a	n/a	n/a	n/a	n/a	n/a
4706586	RECOG_TARGET	n/a	LTP273	ltpFR	2	12	0	CUE	422	n/a	0	n/a	n/a	n/a	n/a	n/a
4709330	RECOG_LURE	n/a	LTP273	ltpFR	2	12	n/a	ATOM	55	n/a	n/a	n/a	n/a	n/a	n/a	n/a
4713496	RECOG_TARGET	n/a	LTP273	ltpFR	2	12	0	PLASTER	1085	n/a	1	n/a	n/a	n/a	n/a	n/a
4716490	RECOG_TARGET	n/a	LTP273	ltpFR	2	12	0	TELESCOPE	1446	n/a	1	n/a	n/a	n/a	n/a	n/a
4721201	RECOG_TARGET	n/a	LTP273	ltpFR	2	12	0	FOX	598	n/a	1	n/a	n/a	n/a	n/a	n/a
4725099	RECOG_TARGET	n/a	LTP273	ltpFR	2	12	1	PAN	1008	n/a	0	n/a	n/a	n/a	n/a	n/a
4730860	RECOG_TARGET	n/a	LTP273	ltpFR	2	12	0	ASTEROID	50	n/a	1	n/a	n/a	n/a	n/a	n/a
4734374	RECOG_TARGET	n/a	LTP273	ltpFR	2	12	0	GLACIER	638	n/a	1	n/a	n/a	n/a	n/a	n/a
4738265	RECOG_LURE	n/a	LTP273	ltpFR	2	12	n/a	BIRD	129	n/a	n/a	n/a	n/a	n/a	n/a	n/a
4743024	RECOG_TARGET	n/a	LTP273	ltpFR	2	12	0	HOUSE	725	n/a	1	n/a	n/a	n/a	n/a	n/a
4746446	RECOG_TARGET	n/a	LTP273	ltpFR	2	12	1	HORSE	719	n/a	1	n/a	n/a	n/a	n/a	n/a
4750143	RECOG_LURE	n/a	LTP273	ltpFR	2	12	n/a	KNIFE	785	n/a	n/a	n/a	n/a	n/a	n/a	n/a
4753880	RECOG_TARGET	n/a	LTP273	ltpFR	2	12	1	PLUMBER	1091	n/a	1	n/a	n/a	n/a	n/a	n/a
4756741	RECOG_TARGET	n/a	LTP273	ltpFR	2	12	-1	POT	1114	n/a	-1	n/a	n/a	n/a	n/a	n/a
4760282	RECOG_TARGET	n/a	LTP273	ltpFR	2	12	-1	TWIG	1527	n/a	-1	n/a	n/a	n/a	n/a	n/a
4763009	RECOG_LURE	n/a	LTP273	ltpFR	2	12	n/a	CROW	414	n/a	n/a	n/a	n/a	n/a	n/a	n/a
4766328	RECOG_TARGET	n/a	LTP273	ltpFR	2	12	0	FINGER	567	n/a	0	n/a	n/a	n/a	n/a	n/a
4769323	RECOG_LURE	n/a	LTP273	ltpFR	2	12	n/a	EXPLOSION	544	n/a	n/a	n/a	n/a	n/a	n/a	n/a
4780224	REC_START	n/a	LTP273	ltpFR	2	13	n/a	n/a	n/a	n/a	n/a	n/a	n/a	n/a	n/a	n/a
4780274	RECOG_TARGET	n/a	LTP273	ltpFR	2	13	-1	PADDLE	1000	n/a	-1	n/a	n/a	n/a	n/a	n/a
4783225	RECOG_TARGET	n/a	LTP273	ltpFR	2	13	1	NICKEL	950	n/a	0	n/a	n/a	n/a	n/a	n/a
4786581	RECOG_TARGET	n/a	LTP273	ltpFR	2	13	-1	LILY	821	n/a	-1	n/a	n/a	n/a	n/a	n/a
4789475	RECOG_LURE	n/a	LTP273	ltpFR	2	13	n/a	TECHNICIAN	1443	n/a	n/a	n/a	n/a	n/a	n/a	n/a
4792486	RECOG_LURE	n/a	LTP273	ltpFR	2	13	n/a	WITNESS	1618	n/a	n/a	n/a	n/a	n/a	n/a	n/a
4796224	RECOG_LURE	n/a	LTP273	ltpFR	2	13	n/a	POTATO	1115	n/a	n/a	n/a	n/a	n/a	n/a	n/a
4799336	RECOG_TARGET	n/a	LTP273	ltpFR	2	13	0	WHIP	1604	n/a	0	n/a	n/a	n/a	n/a	n/a
4803167	RECOG_TARGET	n/a	LTP273	ltpFR	2	13	1	MANAGER	863	n/a	1	n/a	n/a	n/a	n/a	n/a
4806362	RECOG_TARGET	n/a	LTP273	ltpFR	2	13	1	BEDROOM	111	n/a	0	n/a	n/a	n/a	n/a	n/a
4809517	RECOG_TARGET	n/a	LTP273	ltpFR	2	13	-1	FRIEND	606	n/a	-1	n/a	n/a	n/a	n/a	n/a
4812719	RECOG_TARGET	n/a	LTP273	ltpFR	2	13	-1	PRESIDENT	1121	n/a	-1	n/a	n/a	n/a	n/a	n/a
4815624	RECOG_TARGET	n/a	LTP273	ltpFR	2	13	0	ZEBRA	1635	n/a	1	n/a	n/a	n/a	n/a	n/a
4818625	RECOG_LURE	n/a	LTP273	ltpFR	2	13	n/a	PERISCOPE	1050	n/a	n/a	n/a	n/a	n/a	n/a	n/a
4822148	RECOG_TARGET	n/a	LTP273	ltpFR	2	13	0	CONTINENT	367	n/a	1	n/a	n/a	n/a	n/a	n/a
4826003	RECOG_TARGET	n/a	LTP273	ltpFR	2	13	1	CYLINDER	432	n/a	0	n/a	n/a	n/a	n/a	n/a
4829232	RECOG_LURE	n/a	LTP273	ltpFR	2	13	n/a	PURSE	1145	n/a	n/a	n/a	n/a	n/a	n/a	n/a
4832160	RECOG_LURE	n/a	LTP273	ltpFR	2	13	n/a	SCIENTIST	1249	n/a	n/a	n/a	n/a	n/a	n/a	n/a
4835405	RECOG_TARGET	n/a	LTP273	ltpFR	2	13	0	DENIM	446	n/a	0	n/a	n/a	n/a	n/a	n/a
4838476	RECOG_TARGET	n/a	LTP273	ltpFR	2	13	0	PATIO	1025	n/a	1	n/a	n/a	n/a	n/a	n/a
4842057	RECOG_TARGET	n/a	LTP273	ltpFR	2	13	0	RANCH	1166	n/a	0	n/a	n/a	n/a	n/a	n/a
4847225	REC_START	n/a	LTP273	ltpFR	2	14	n/a	n/a	n/a	n/a	n/a	n/a	n/a	n/a	n/a	n/a
4847283	RECOG_TARGET	n/a	LTP273	ltpFR	2	14	1	ICING	732	n/a	0	n/a	n/a	n/a	n/a	n/a
4850371	RECOG_TARGET	n/a	LTP273	ltpFR	2	14	1	PEPPER	1047	n/a	0	n/a	n/a	n/a	n/a	n/a
4853349	RECOG_LURE	n/a	LTP273	ltpFR	2	14	n/a	HAM	678	n/a	n/a	n/a	n/a	n/a	n/a	n/a
4856561	RECOG_TARGET	n/a	LTP273	ltpFR	2	14	1	INSECT	740	n/a	1	n/a	n/a	n/a	n/a	n/a
4859906	RECOG_TARGET	n/a	LTP273	ltpFR	2	14	0	CERAMICS	271	n/a	1	n/a	n/a	n/a	n/a	n/a
4863002	RECOG_TARGET	n/a	LTP273	ltpFR	2	14	1	DAUGHTER	442	n/a	1	n/a	n/a	n/a	n/a	n/a
4866104	RECOG_LURE	n/a	LTP273	ltpFR	2	14	n/a	FLEET	578	n/a	n/a	n/a	n/a	n/a	n/a	n/a
4869132	RECOG_TARGET	n/a	LTP273	ltpFR	2	14	-1	CATERPILLAR	259	n/a	-1	n/a	n/a	n/a	n/a	n/a
4872287	RECOG_TARGET	n/a	LTP273	ltpFR	2	14	0	TILE	1468	n/a	0	n/a	n/a	n/a	n/a	n/a
4875840	RECOG_TARGET	n/a	LTP273	ltpFR	2	14	1	SEAFOOD	1260	n/a	1	n/a	n/a	n/a	n/a	n/a
4879130	RECOG_LURE	n/a	LTP273	ltpFR	2	14	n/a	BRACELET	163	n/a	n/a	n/a	n/a	n/a	n/a	n/a
4883128	RECOG_TARGET	n/a	LTP273	ltpFR	2	14	0	STALLION	1369	n/a	1	n/a	n/a	n/a	n/a	n/a
4886948	RECOG_TARGET	n/a	LTP273	ltpFR	2	14	-1	BANQUET	86	n/a	-1	n/a	n/a	n/a	n/a	n/a
4889976	RECOG_LURE	n/a	LTP273	ltpFR	2	14	n/a	BASEBALL	93	n/a	n/a	n/a	n/a	n/a	n/a	n/a
4893541	RECOG_TARGET	n/a	LTP273	ltpFR	2	14	1	RASPBERRY	1168	n/a	1	n/a	n/a	n/a	n/a	n/a
4896769	RECOG_TARGET	n/a	LTP273	ltpFR	2	14	-1	LOBSTER	837	n/a	-1	n/a	n/a	n/a	n/a	n/a
4899999	RECOG_TARGET	n/a	LTP273	ltpFR	2	14	1	ARTIST	43	n/a	1	n/a	n/a	n/a	n/a	n/a
4904215	RECOG_TARGET	n/a	LTP273	ltpFR	2	14	0	BOARD	143	n/a	1	n/a	n/a	n/a	n/a	n/a
4907176	RECOG_TARGET	n/a	LTP273	ltpFR	2	14	1	DOCK	477	n/a	0	n/a	n/a	n/a	n/a	n/a
4910605	RECOG_TARGET	n/a	LTP273	ltpFR	2	14	1	COTTAGE	384	n/a	1	n/a	n/a	n/a	n/a	n/a
4916070	REC_START	n/a	LTP273	ltpFR	2	15	n/a	n/a	n/a	n/a	n/a	n/a	n/a	n/a	n/a	n/a
4916126	RECOG_LURE	n/a	LTP273	ltpFR	2	15	n/a	COUNTRY	388	1	n/a	n/a	n/a	n/a	n/a	n/a
4917045	RECOG_RESP	n/a	LTP273	ltpFR	2	15	n/a	COUNTRY	388	n/a	n/a	n/a	n/a	n/a	n/a	n/a
4917630	RECOG_CONF	n/a	LTP273	ltpFR	2	15	n/a	COUNTRY	388	1	n/a	n/a	n/a	n/a	n/a	n/a
4919255	RECOG_TARGET	n/a	LTP273	ltpFR	2	15	-1	CRAB	397	2	-1	n/a	n/a	n/a	n/a	n/a
4920495	RECOG_RESP	n/a	LTP273	ltpFR	2	15	-1	CRAB	397	n/a	-1	n/a	n/a	n/a	n/a	n/a
4921280	RECOG_CONF	n/a	LTP273	ltpFR	2	15	-1	CRAB	397	2	-1	n/a	n/a	n/a	n/a	n/a
4922733	RECOG_TARGET	n/a	LTP273	ltpFR	2	15	1	LION	827	2	1	n/a	n/a	n/a	n/a	n/a
4923585	RECOG_RESP	n/a	LTP273	ltpFR	2	15	1	LION	827	n/a	1	n/a	n/a	n/a	n/a	n/a
4924150	RECOG_CONF	n/a	LTP273	ltpFR	2	15	1	LION	827	2	1	n/a	n/a	n/a	n/a	n/a
4925705	RECOG_TARGET	n/a	LTP273	ltpFR	2	15	0	CLAW	319	4	1	n/a	n/a	n/a	n/a	n/a
4926775	RECOG_RESP	n/a	LTP273	ltpFR	2	15	0	CLAW	319	n/a	1	n/a	n/a	n/a	n/a	n/a
4927450	RECOG_CONF	n/a	LTP273	ltpFR	2	15	0	CLAW	319	4	1	n/a	n/a	n/a	n/a	n/a
4929068	RECOG_TARGET	n/a	LTP273	ltpFR	2	15	0	CABINET	212	2	1	n/a	n/a	n/a	n/a	n/a
4930130	RECOG_RESP	n/a	LTP273	ltpFR	2	15	0	CABINET	212	n/a	1	n/a	n/a	n/a	n/a	n/a
4930730	RECOG_CONF	n/a	LTP273	ltpFR	2	15	0	CABINET	212	2	1	n/a	n/a	n/a	n/a	n/a
4932438	RECOG_LURE	n/a	LTP273	ltpFR	2	15	n/a	PICTURE	1061	3	n/a	n/a	n/a	n/a	n/a	n/a
4934395	RECOG_RESP	n/a	LTP273	ltpFR	2	15	n/a	PICTURE	1061	n/a	n/a	n/a	n/a	n/a	n/a	n/a
4934970	RECOG_CONF	n/a	LTP273	ltpFR	2	15	n/a	PICTURE	1061	3	n/a	n/a	n/a	n/a	n/a	n/a
4936603	RECOG_LURE	n/a	LTP273	ltpFR	2	15	n/a	EMPIRE	530	3	n/a	n/a	n/a	n/a	n/a	n/a
4938165	RECOG_RESP	n/a	LTP273	ltpFR	2	15	n/a	EMPIRE	530	n/a	n/a	n/a	n/a	n/a	n/a	n/a
4938680	RECOG_CONF	n/a	LTP273	ltpFR	2	15	n/a	EMPIRE	530	3	n/a	n/a	n/a	n/a	n/a	n/a
4940277	RECOG_LURE	n/a	LTP273	ltpFR	2	15	n/a	NOOSE	956	5	n/a	n/a	n/a	n/a	n/a	n/a
4941215	RECOG_RESP	n/a	LTP273	ltpFR	2	15	n/a	NOOSE	956	n/a	n/a	n/a	n/a	n/a	n/a	n/a
4941520	RECOG_CONF	n/a	LTP273	ltpFR	2	15	n/a	NOOSE	956	5	n/a	n/a	n/a	n/a	n/a	n/a
4943295	RECOG_TARGET	n/a	LTP273	ltpFR	2	15	-1	DESK	452	5	-1	n/a	n/a	n/a	n/a	n/a
4944815	RECOG_RESP	n/a	LTP273	ltpFR	2	15	-1	DESK	452	n/a	-1	n/a	n/a	n/a	n/a	n/a
4945250	RECOG_CONF	n/a	LTP273	ltpFR	2	15	-1	DESK	452	5	-1	n/a	n/a	n/a	n/a	n/a
4947043	RECOG_TARGET	n/a	LTP273	ltpFR	2	15	1	KITTEN	780	2	1	n/a	n/a	n/a	n/a	n/a
4948875	RECOG_RESP	n/a	LTP273	ltpFR	2	15	1	KITTEN	780	n/a	1	n/a	n/a	n/a	n/a	n/a
4949330	RECOG_CONF	n/a	LTP273	ltpFR	2	15	1	KITTEN	780	2	1	n/a	n/a	n/a	n/a	n/a
4951208	RECOG_LURE	n/a	LTP273	ltpFR	2	15	n/a	KETTLE	772	2	n/a	n/a	n/a	n/a	n/a	n/a
4952060	RECOG_RESP	n/a	LTP273	ltpFR	2	15	n/a	KETTLE	772	n/a	n/a	n/a	n/a	n/a	n/a	n/a
4952350	RECOG_CONF	n/a	LTP273	ltpFR	2	15	n/a	KETTLE	772	2	n/a	n/a	n/a	n/a	n/a	n/a
4954095	RECOG_TARGET	n/a	LTP273	ltpFR	2	15	1	SHINGLE	1285	4	0	n/a	n/a	n/a	n/a	n/a
4954960	RECOG_RESP	n/a	LTP273	ltpFR	2	15	1	SHINGLE	1285	n/a	0	n/a	n/a	n/a	n/a	n/a
4955560	RECOG_CONF	n/a	LTP273	ltpFR	2	15	1	SHINGLE	1285	4	0	n/a	n/a	n/a	n/a	n/a
4957124	RECOG_TARGET	n/a	LTP273	ltpFR	2	15	0	BULLETIN	195	1	0	n/a	n/a	n/a	n/a	n/a
4958035	RECOG_RESP	n/a	LTP273	ltpFR	2	15	0	BULLETIN	195	n/a	0	n/a	n/a	n/a	n/a	n/a
4958930	RECOG_CONF	n/a	LTP273	ltpFR	2	15	0	BULLETIN	195	1	0	n/a	n/a	n/a	n/a	n/a
4960469	RECOG_TARGET	n/a	LTP273	ltpFR	2	15	-1	BRANDY	169	5	-1	n/a	n/a	n/a	n/a	n/a
4961280	RECOG_RESP	n/a	LTP273	ltpFR	2	15	-1	BRANDY	169	n/a	-1	n/a	n/a	n/a	n/a	n/a
4961730	RECOG_CONF	n/a	LTP273	ltpFR	2	15	-1	BRANDY	169	5	-1	n/a	n/a	n/a	n/a	n/a
4963471	RECOG_TARGET	n/a	LTP273	ltpFR	2	15	-1	VEST	1559	4	-1	n/a	n/a	n/a	n/a	n/a
4964095	RECOG_RESP	n/a	LTP273	ltpFR	2	15	-1	VEST	1559	n/a	-1	n/a	n/a	n/a	n/a	n/a
4964590	RECOG_CONF	n/a	LTP273	ltpFR	2	15	-1	VEST	1559	4	-1	n/a	n/a	n/a	n/a	n/a
4966165	RECOG_TARGET	n/a	LTP273	ltpFR	2	15	-1	HONEY	713	4	-1	n/a	n/a	n/a	n/a	n/a
4966905	RECOG_RESP	n/a	LTP273	ltpFR	2	15	-1	HONEY	713	n/a	-1	n/a	n/a	n/a	n/a	n/a
4967410	RECOG_CONF	n/a	LTP273	ltpFR	2	15	-1	HONEY	713	4	-1	n/a	n/a	n/a	n/a	n/a
4968967	RECOG_LURE	n/a	LTP273	ltpFR	2	15	n/a	OFFICER	973	1	n/a	n/a	n/a	n/a	n/a	n/a
4969785	RECOG_RESP	n/a	LTP273	ltpFR	2	15	n/a	OFFICER	973	n/a	n/a	n/a	n/a	n/a	n/a	n/a
4971279	RECOG_CONF	n/a	LTP273	ltpFR	2	15	n/a	OFFICER	973	1	n/a	n/a	n/a	n/a	n/a	n/a
4972923	RECOG_TARGET	n/a	LTP273	ltpFR	2	15	0	SEA	1259	5	1	n/a	n/a	n/a	n/a	n/a
4973565	RECOG_RESP	n/a	LTP273	ltpFR	2	15	0	SEA	1259	n/a	1	n/a	n/a	n/a	n/a	n/a
4974040	RECOG_CONF	n/a	LTP273	ltpFR	2	15	0	SEA	1259	5	1	n/a	n/a	n/a	n/a	n/a
4975677	RECOG_LURE	n/a	LTP273	ltpFR	2	15	n/a	SHOULDER	1294	2	n/a	n/a	n/a	n/a	n/a	n/a
4976490	RECOG_RESP	n/a	LTP273	ltpFR	2	15	n/a	SHOULDER	1294	n/a	n/a	n/a	n/a	n/a	n/a	n/a
4977050	RECOG_CONF	n/a	LTP273	ltpFR	2	15	n/a	SHOULDER	1294	2	n/a	n/a	n/a	n/a	n/a	n/a
4978578	RECOG_LURE	n/a	LTP273	ltpFR	2	15	n/a	PUMPKIN	1142	3	n/a	n/a	n/a	n/a	n/a	n/a
4979625	RECOG_RESP	n/a	LTP273	ltpFR	2	15	n/a	PUMPKIN	1142	n/a	n/a	n/a	n/a	n/a	n/a	n/a
4980190	RECOG_CONF	n/a	LTP273	ltpFR	2	15	n/a	PUMPKIN	1142	3	n/a	n/a	n/a	n/a	n/a	n/a
4990656	REC_START	n/a	LTP273	ltpFR	2	16	n/a	n/a	n/a	n/a	n/a	n/a	n/a	n/a	n/a	n/a
4990707	RECOG_TARGET	n/a	LTP273	ltpFR	2	16	0	AUTHOR	61	1	1	n/a	n/a	n/a	n/a	n/a
4991676	RECOG_RESP	n/a	LTP273	ltpFR	2	16	0	AUTHOR	61	n/a	1	n/a	n/a	n/a	n/a	n/a
4992401	RECOG_CONF	n/a	LTP273	ltpFR	2	16	0	AUTHOR	61	1	1	n/a	n/a	n/a	n/a	n/a
4993777	RECOG_TARGET	n/a	LTP273	ltpFR	2	16	-1	DRESS	495	1	-1	n/a	n/a	n/a	n/a	n/a
4994491	RECOG_RESP	n/a	LTP273	ltpFR	2	16	-1	DRESS	495	n/a	-1	n/a	n/a	n/a	n/a	n/a
4995306	RECOG_CONF	n/a	LTP273	ltpFR	2	16	-1	DRESS	495	1	-1	n/a	n/a	n/a	n/a	n/a
4996813	RECOG_TARGET	n/a	LTP273	ltpFR	2	16	0	CITRUS	313	5	0	n/a	n/a	n/a	n/a	n/a
4997491	RECOG_RESP	n/a	LTP273	ltpFR	2	16	0	CITRUS	313	n/a	0	n/a	n/a	n/a	n/a	n/a
4997966	RECOG_CONF	n/a	LTP273	ltpFR	2	16	0	CITRUS	313	5	0	n/a	n/a	n/a	n/a	n/a
4999624	RECOG_LURE	n/a	LTP273	ltpFR	2	16	n/a	NOMAD	955	5	n/a	n/a	n/a	n/a	n/a	n/a
5000271	RECOG_RESP	n/a	LTP273	ltpFR	2	16	n/a	NOMAD	955	n/a	n/a	n/a	n/a	n/a	n/a	n/a
5000756	RECOG_CONF	n/a	LTP273	ltpFR	2	16	n/a	NOMAD	955	5	n/a	n/a	n/a	n/a	n/a	n/a
5002368	RECOG_LURE	n/a	LTP273	ltpFR	2	16	n/a	BENCH	121	2	n/a	n/a	n/a	n/a	n/a	n/a
5003141	RECOG_RESP	n/a	LTP273	ltpFR	2	16	n/a	BENCH	121	n/a	n/a	n/a	n/a	n/a	n/a	n/a
5003736	RECOG_CONF	n/a	LTP273	ltpFR	2	16	n/a	BENCH	121	2	n/a	n/a	n/a	n/a	n/a	n/a
5005329	RECOG_TARGET	n/a	LTP273	ltpFR	2	16	1	GALAXY	617	4	0	n/a	n/a	n/a	n/a	n/a
5006036	RECOG_RESP	n/a	LTP273	ltpFR	2	16	1	GALAXY	617	n/a	0	n/a	n/a	n/a	n/a	n/a
5006536	RECOG_CONF	n/a	LTP273	ltpFR	2	16	1	GALAXY	617	4	0	n/a	n/a	n/a	n/a	n/a
5008156	RECOG_TARGET	n/a	LTP273	ltpFR	2	16	0	STAKE	1368	5	0	n/a	n/a	n/a	n/a	n/a
5008821	RECOG_RESP	n/a	LTP273	ltpFR	2	16	0	STAKE	1368	n/a	0	n/a	n/a	n/a	n/a	n/a
5009586	RECOG_CONF	n/a	LTP273	ltpFR	2	16	0	STAKE	1368	5	0	n/a	n/a	n/a	n/a	n/a
5011067	RECOG_LURE	n/a	LTP273	ltpFR	2	16	n/a	NEPTUNE	943	1	n/a	n/a	n/a	n/a	n/a	n/a
5012541	RECOG_RESP	n/a	LTP273	ltpFR	2	16	n/a	NEPTUNE	943	n/a	n/a	n/a	n/a	n/a	n/a	n/a
5013881	RECOG_CONF	n/a	LTP273	ltpFR	2	16	n/a	NEPTUNE	943	1	n/a	n/a	n/a	n/a	n/a	n/a
5015243	RECOG_TARGET	n/a	LTP273	ltpFR	2	16	1	VOLCANO	1575	4	0	n/a	n/a	n/a	n/a	n/a
5016126	RECOG_RESP	n/a	LTP273	ltpFR	2	16	1	VOLCANO	1575	n/a	0	n/a	n/a	n/a	n/a	n/a
5016786	RECOG_CONF	n/a	LTP273	ltpFR	2	16	1	VOLCANO	1575	4	0	n/a	n/a	n/a	n/a	n/a
5018338	RECOG_TARGET	n/a	LTP273	ltpFR	2	16	1	FARM	552	5	0	n/a	n/a	n/a	n/a	n/a
5019651	RECOG_RESP	n/a	LTP273	ltpFR	2	16	1	FARM	552	n/a	0	n/a	n/a	n/a	n/a	n/a
5020296	RECOG_CONF	n/a	LTP273	ltpFR	2	16	1	FARM	552	5	0	n/a	n/a	n/a	n/a	n/a
5021974	RECOG_LURE	n/a	LTP273	ltpFR	2	16	n/a	CLOSET	326	2	n/a	n/a	n/a	n/a	n/a	n/a
5023146	RECOG_RESP	n/a	LTP273	ltpFR	2	16	n/a	CLOSET	326	n/a	n/a	n/a	n/a	n/a	n/a	n/a
5023796	RECOG_CONF	n/a	LTP273	ltpFR	2	16	n/a	CLOSET	326	2	n/a	n/a	n/a	n/a	n/a	n/a
5025755	RECOG_TARGET	n/a	LTP273	ltpFR	2	16	1	LINEN	825	4	0	n/a	n/a	n/a	n/a	n/a
5026421	RECOG_RESP	n/a	LTP273	ltpFR	2	16	1	LINEN	825	n/a	0	n/a	n/a	n/a	n/a	n/a
5026916	RECOG_CONF	n/a	LTP273	ltpFR	2	16	1	LINEN	825	4	0	n/a	n/a	n/a	n/a	n/a
5028677	RECOG_TARGET	n/a	LTP273	ltpFR	2	16	-1	SARDINE	1235	1	-1	n/a	n/a	n/a	n/a	n/a
5029851	RECOG_RESP	n/a	LTP273	ltpFR	2	16	-1	SARDINE	1235	n/a	-1	n/a	n/a	n/a	n/a	n/a
5031106	RECOG_CONF	n/a	LTP273	ltpFR	2	16	-1	SARDINE	1235	1	-1	n/a	n/a	n/a	n/a	n/a
5032899	RECOG_LURE	n/a	LTP273	ltpFR	2	16	n/a	STAMP	1370	4	n/a	n/a	n/a	n/a	n/a	n/a
5033716	RECOG_RESP	n/a	LTP273	ltpFR	2	16	n/a	STAMP	1370	n/a	n/a	n/a	n/a	n/a	n/a	n/a
5034536	RECOG_CONF	n/a	LTP273	ltpFR	2	16	n/a	STAMP	1370	4	n/a	n/a	n/a	n/a	n/a	n/a
5036095	RECOG_TARGET	n/a	LTP273	ltpFR	2	16	1	PLANT	1083	3	1	n/a	n/a	n/a	n/a	n/a
5036791	RECOG_RESP	n/a	LTP273	ltpFR	2	16	1	PLANT	1083	n/a	1	n/a	n/a	n/a	n/a	n/a
5037456	RECOG_CONF	n/a	LTP273	ltpFR	2	16	1	PLANT	1083	3	1	n/a	n/a	n/a	n/a	n/a
5039173	RECOG_TARGET	n/a	LTP273	ltpFR	2	16	-1	GOO	648	5	-1	n/a	n/a	n/a	n/a	n/a
5040036	RECOG_RESP	n/a	LTP273	ltpFR	2	16	-1	GOO	648	n/a	-1	n/a	n/a	n/a	n/a	n/a
5040516	RECOG_CONF	n/a	LTP273	ltpFR	2	16	-1	GOO	648	5	-1	n/a	n/a	n/a	n/a	n/a
5042161	RECOG_TARGET	n/a	LTP273	ltpFR	2	16	-1	CAPE	237	5	-1	n/a	n/a	n/a	n/a	n/a
5043421	RECOG_RESP	n/a	LTP273	ltpFR	2	16	-1	CAPE	237	n/a	-1	n/a	n/a	n/a	n/a	n/a
5044036	RECOG_CONF	n/a	LTP273	ltpFR	2	16	-1	CAPE	237	5	-1	n/a	n/a	n/a	n/a	n/a
5045797	RECOG_LURE	n/a	LTP273	ltpFR	2	16	n/a	COD	340	3	n/a	n/a	n/a	n/a	n/a	n/a
5046566	RECOG_RESP	n/a	LTP273	ltpFR	2	16	n/a	COD	340	n/a	n/a	n/a	n/a	n/a	n/a	n/a
5047226	RECOG_CONF	n/a	LTP273	ltpFR	2	16	n/a	COD	340	3	n/a	n/a	n/a	n/a	n/a	n/a
5048902	RECOG_TARGET	n/a	LTP273	ltpFR	2	16	0	MUG	930	2	0	n/a	n/a	n/a	n/a	n/a
5050196	RECOG_RESP	n/a	LTP273	ltpFR	2	16	0	MUG	930	n/a	0	n/a	n/a	n/a	n/a	n/a
5050726	RECOG_CONF	n/a	LTP273	ltpFR	2	16	0	MUG	930	2	0	n/a	n/a	n/a	n/a	n/a
5052650	RECOG_TARGET	n/a	LTP273	ltpFR	2	16	0	THIGH	1457	4	1	n/a	n/a	n/a	n/a	n/a
5053671	RECOG_RESP	n/a	LTP273	ltpFR	2	16	0	THIGH	1457	n/a	1	n/a	n/a	n/a	n/a	n/a
5054176	RECOG_CONF	n/a	LTP273	ltpFR	2	16	0	THIGH	1457	4	1	n/a	n/a	n/a	n/a	n/a
5057452	SESS_END	n/a	LTP273	ltpFR	2	16	n/a	n/a	n/a	n/a	n/a	n/a	n/a	n/a	n/a	n/a
