mstime	trial_type	stim_file	subject	experiment	session	trial	item_name	item_num	list	answer	test_x	test_y	test_z
0	SESS_START	n/a	LTP301	ltpFR2	13	n/a	n/a	n/a	n/a	n/a	0	0	0
39014	START	n/a	LTP301	ltpFR2	13	n/a	n/a	n/a	-1	n/a	n/a	n/a	n/a
39031	PROB	n/a	LTP301	ltpFR2	13	n/a	n/a	n/a	-1	11	4	3	3
41347	PROB	n/a	LTP301	ltpFR2	13	n/a	n/a	n/a	-1	18	8	3	7
45485	PROB	n/a	LTP301	ltpFR2	13	n/a	n/a	n/a	-1	5	1	3	1
47901	PROB	n/a	LTP301	ltpFR2	13	n/a	n/a	n/a	-1	13	3	7	3
49890	STOP	n/a	LTP301	ltpFR2	13	n/a	n/a	n/a	-1	n/a	n/a	n/a	n/a
73468	WORD	wordpools/wasnorm_wordpool_576.txt	LTP301	ltpFR2	13	1	GLOVE	642	n/a	n/a	0	0	0
76054	WORD	wordpools/wasnorm_wordpool_576.txt	LTP301	ltpFR2	13	1	DIVER	476	n/a	n/a	0	0	0
78788	WORD	wordpools/wasnorm_wordpool_576.txt	LTP301	ltpFR2	13	1	SLIDE	1326	n/a	n/a	0	0	0
81259	WORD	wordpools/wasnorm_wordpool_576.txt	LTP301	ltpFR2	13	1	OZONE	996	n/a	n/a	0	0	0
83926	WORD	wordpools/wasnorm_wordpool_576.txt	LTP301	ltpFR2	13	1	SPACE	1345	n/a	n/a	0	0	0
86445	WORD	wordpools/wasnorm_wordpool_576.txt	LTP301	ltpFR2	13	1	ZEBRA	1635	n/a	n/a	0	0	0
89148	WORD	wordpools/wasnorm_wordpool_576.txt	LTP301	ltpFR2	13	1	PARROT	1015	n/a	n/a	0	0	0
91599	WORD	wordpools/wasnorm_wordpool_576.txt	LTP301	ltpFR2	13	1	STREAM	1392	n/a	n/a	0	0	0
94119	WORD	wordpools/wasnorm_wordpool_576.txt	LTP301	ltpFR2	13	1	LAKE	796	n/a	n/a	0	0	0
96888	WORD	wordpools/wasnorm_wordpool_576.txt	LTP301	ltpFR2	13	1	MASK	876	n/a	n/a	0	0	0
99539	WORD	wordpools/wasnorm_wordpool_576.txt	LTP301	ltpFR2	13	1	BANQUET	86	n/a	n/a	0	0	0
101992	WORD	wordpools/wasnorm_wordpool_576.txt	LTP301	ltpFR2	13	1	CARRIAGE	248	n/a	n/a	0	0	0
104460	WORD	wordpools/wasnorm_wordpool_576.txt	LTP301	ltpFR2	13	1	DONKEY	484	n/a	n/a	0	0	0
106928	WORD	wordpools/wasnorm_wordpool_576.txt	LTP301	ltpFR2	13	1	HERO	706	n/a	n/a	0	0	0
109348	WORD	wordpools/wasnorm_wordpool_576.txt	LTP301	ltpFR2	13	1	QUAIL	1147	n/a	n/a	0	0	0
111816	WORD	wordpools/wasnorm_wordpool_576.txt	LTP301	ltpFR2	13	1	TORTOISE	1486	n/a	n/a	0	0	0
114618	WORD	wordpools/wasnorm_wordpool_576.txt	LTP301	ltpFR2	13	1	DASHBOARD	441	n/a	n/a	0	0	0
117089	WORD	wordpools/wasnorm_wordpool_576.txt	LTP301	ltpFR2	13	1	CUSTARD	429	n/a	n/a	0	0	0
119806	WORD	wordpools/wasnorm_wordpool_576.txt	LTP301	ltpFR2	13	1	BACON	67	n/a	n/a	0	0	0
122575	WORD	wordpools/wasnorm_wordpool_576.txt	LTP301	ltpFR2	13	1	BLUEPRINT	142	n/a	n/a	0	0	0
125062	WORD	wordpools/wasnorm_wordpool_576.txt	LTP301	ltpFR2	13	1	GALLON	618	n/a	n/a	0	0	0
127896	WORD	wordpools/wasnorm_wordpool_576.txt	LTP301	ltpFR2	13	1	CREVICE	405	n/a	n/a	0	0	0
130649	WORD	wordpools/wasnorm_wordpool_576.txt	LTP301	ltpFR2	13	1	HORSE	719	n/a	n/a	0	0	0
133268	WORD	wordpools/wasnorm_wordpool_576.txt	LTP301	ltpFR2	13	1	BUGGY	188	n/a	n/a	0	0	0
134886	START	n/a	LTP301	ltpFR2	13	n/a	n/a	n/a	1	n/a	n/a	n/a	n/a
135712	DISTRACTOR	n/a	LTP301	ltpFR2	13	1	n/a	n/a	n/a	n/a	0	0	0
135719	PROB	n/a	LTP301	ltpFR2	13	n/a	n/a	n/a	1	14	8	4	2
142091	PROB	n/a	LTP301	ltpFR2	13	n/a	n/a	n/a	1	12	1	4	7
144508	PROB	n/a	LTP301	ltpFR2	13	n/a	n/a	n/a	1	13	3	9	1
145976	PROB	n/a	LTP301	ltpFR2	13	n/a	n/a	n/a	1	13	2	8	3
147829	PROB	n/a	LTP301	ltpFR2	13	n/a	n/a	n/a	1	18	4	8	6
150513	PROB	n/a	LTP301	ltpFR2	13	n/a	n/a	n/a	1	12	3	4	5
152815	PROB	n/a	LTP301	ltpFR2	13	n/a	n/a	n/a	1	12	4	7	1
154800	PROB	n/a	LTP301	ltpFR2	13	n/a	n/a	n/a	1	17	7	9	1
158886	STOP	n/a	LTP301	ltpFR2	13	n/a	n/a	n/a	1	n/a	n/a	n/a	n/a
160740	REC_START	n/a	LTP301	ltpFR2	13	1	n/a	n/a	n/a	n/a	0	0	0
162751	REC_WORD	wordpools/wasnorm_wordpool_576.txt	LTP301	ltpFR2	13	1	HORSE	719	n/a	n/a	0	0	0
164359	REC_WORD	wordpools/wasnorm_wordpool_576.txt	LTP301	ltpFR2	13	1	QUAIL	1147	n/a	n/a	0	0	0
165460	REC_WORD	wordpools/wasnorm_wordpool_576.txt	LTP301	ltpFR2	13	1	BUGGY	188	n/a	n/a	0	0	0
166682	REC_WORD	wordpools/wasnorm_wordpool_576.txt	LTP301	ltpFR2	13	1	BACON	67	n/a	n/a	0	0	0
168051	REC_WORD	wordpools/wasnorm_wordpool_576.txt	LTP301	ltpFR2	13	1	GALLON	618	n/a	n/a	0	0	0
169649	REC_WORD	wordpools/wasnorm_wordpool_576.txt	LTP301	ltpFR2	13	1	HERO	706	n/a	n/a	0	0	0
189635	REC_WORD	wordpools/wasnorm_wordpool_576.txt	LTP301	ltpFR2	13	1	CREVICE	405	n/a	n/a	0	0	0
251150	DISTRACTOR	n/a	LTP301	ltpFR2	13	2	n/a	n/a	n/a	n/a	0	0	0
251150	START	n/a	LTP301	ltpFR2	13	n/a	n/a	n/a	2	n/a	n/a	n/a	n/a
251165	PROB	n/a	LTP301	ltpFR2	13	n/a	n/a	n/a	2	14	7	5	2
254425	PROB	n/a	LTP301	ltpFR2	13	n/a	n/a	n/a	2	14	5	2	7
257696	PROB	n/a	LTP301	ltpFR2	13	n/a	n/a	n/a	2	16	5	6	6
259679	PROB	n/a	LTP301	ltpFR2	13	n/a	n/a	n/a	2	13	1	3	9
262132	PROB	n/a	LTP301	ltpFR2	13	n/a	n/a	n/a	2	18	6	6	6
264900	PROB	n/a	LTP301	ltpFR2	13	n/a	n/a	n/a	2	8	1	3	4
267271	PROB	n/a	LTP301	ltpFR2	13	n/a	n/a	n/a	2	16	9	4	3
269838	PROB	n/a	LTP301	ltpFR2	13	n/a	n/a	n/a	2	11	1	7	3
271623	PROB	n/a	LTP301	ltpFR2	13	n/a	n/a	n/a	2	18	8	8	2
273626	STOP	n/a	LTP301	ltpFR2	13	n/a	n/a	n/a	2	n/a	n/a	n/a	n/a
275976	WORD	wordpools/wasnorm_wordpool_576.txt	LTP301	ltpFR2	13	2	FOREHEAD	592	n/a	n/a	0	0	0
278704	WORD	wordpools/wasnorm_wordpool_576.txt	LTP301	ltpFR2	13	2	HAWK	692	n/a	n/a	0	0	0
281224	WORD	wordpools/wasnorm_wordpool_576.txt	LTP301	ltpFR2	13	2	MARINE	869	n/a	n/a	0	0	0
283658	WORD	wordpools/wasnorm_wordpool_576.txt	LTP301	ltpFR2	13	2	CORAL	378	n/a	n/a	0	0	0
286312	WORD	wordpools/wasnorm_wordpool_576.txt	LTP301	ltpFR2	13	2	BUG	187	n/a	n/a	0	0	0
289013	WORD	wordpools/wasnorm_wordpool_576.txt	LTP301	ltpFR2	13	2	COWBOY	395	n/a	n/a	0	0	0
291716	WORD	wordpools/wasnorm_wordpool_576.txt	LTP301	ltpFR2	13	2	BADGE	68	n/a	n/a	0	0	0
294235	WORD	wordpools/wasnorm_wordpool_576.txt	LTP301	ltpFR2	13	2	OX	994	n/a	n/a	0	0	0
296886	WORD	wordpools/wasnorm_wordpool_576.txt	LTP301	ltpFR2	13	2	SPIDER	1351	n/a	n/a	0	0	0
299374	WORD	wordpools/wasnorm_wordpool_576.txt	LTP301	ltpFR2	13	2	SUITCASE	1403	n/a	n/a	0	0	0
301807	WORD	wordpools/wasnorm_wordpool_576.txt	LTP301	ltpFR2	13	2	TWISTER	1530	n/a	n/a	0	0	0
304343	WORD	wordpools/wasnorm_wordpool_576.txt	LTP301	ltpFR2	13	2	NURSE	963	n/a	n/a	0	0	0
306845	WORD	wordpools/wasnorm_wordpool_576.txt	LTP301	ltpFR2	13	2	PATIENT	1024	n/a	n/a	0	0	0
309435	WORD	wordpools/wasnorm_wordpool_576.txt	LTP301	ltpFR2	13	2	PLAYGROUND	1087	n/a	n/a	0	0	0
312188	WORD	wordpools/wasnorm_wordpool_576.txt	LTP301	ltpFR2	13	2	DONOR	485	n/a	n/a	0	0	0
314868	WORD	wordpools/wasnorm_wordpool_576.txt	LTP301	ltpFR2	13	2	DAUGHTER	442	n/a	n/a	0	0	0
317554	WORD	wordpools/wasnorm_wordpool_576.txt	LTP301	ltpFR2	13	2	MUMMY	932	n/a	n/a	0	0	0
320061	WORD	wordpools/wasnorm_wordpool_576.txt	LTP301	ltpFR2	13	2	SWORD	1423	n/a	n/a	0	0	0
322758	WORD	wordpools/wasnorm_wordpool_576.txt	LTP301	ltpFR2	13	2	BUREAU	199	n/a	n/a	0	0	0
325328	WORD	wordpools/wasnorm_wordpool_576.txt	LTP301	ltpFR2	13	2	PERFUME	1049	n/a	n/a	0	0	0
328031	WORD	wordpools/wasnorm_wordpool_576.txt	LTP301	ltpFR2	13	2	PANTHER	1009	n/a	n/a	0	0	0
330448	WORD	wordpools/wasnorm_wordpool_576.txt	LTP301	ltpFR2	13	2	PENGUIN	1044	n/a	n/a	0	0	0
332900	WORD	wordpools/wasnorm_wordpool_576.txt	LTP301	ltpFR2	13	2	NOMAD	955	n/a	n/a	0	0	0
335552	WORD	wordpools/wasnorm_wordpool_576.txt	LTP301	ltpFR2	13	2	OUTFIT	988	n/a	n/a	0	0	0
337158	START	n/a	LTP301	ltpFR2	13	n/a	n/a	n/a	3	n/a	n/a	n/a	n/a
338216	DISTRACTOR	n/a	LTP301	ltpFR2	13	2	n/a	n/a	n/a	n/a	0	0	0
338222	PROB	n/a	LTP301	ltpFR2	13	n/a	n/a	n/a	3	15	8	5	2
341292	PROB	n/a	LTP301	ltpFR2	13	n/a	n/a	n/a	3	17	4	7	6
345411	PROB	n/a	LTP301	ltpFR2	13	n/a	n/a	n/a	3	19	8	6	5
347678	PROB	n/a	LTP301	ltpFR2	13	n/a	n/a	n/a	3	15	7	3	5
349479	PROB	n/a	LTP301	ltpFR2	13	n/a	n/a	n/a	3	8	4	3	1
351299	PROB	n/a	LTP301	ltpFR2	13	n/a	n/a	n/a	3	11	7	3	1
353185	PROB	n/a	LTP301	ltpFR2	13	n/a	n/a	n/a	3	21	7	6	8
359810	STOP	n/a	LTP301	ltpFR2	13	n/a	n/a	n/a	3	n/a	n/a	n/a	n/a
362944	REC_START	n/a	LTP301	ltpFR2	13	2	n/a	n/a	n/a	n/a	0	0	0
365762	REC_WORD	wordpools/wasnorm_wordpool_576.txt	LTP301	ltpFR2	13	2	NURSE	963	n/a	n/a	0	0	0
366870	REC_WORD	wordpools/wasnorm_wordpool_576.txt	LTP301	ltpFR2	13	2	PATIENT	1024	n/a	n/a	0	0	0
368424	REC_WORD	wordpools/wasnorm_wordpool_576.txt	LTP301	ltpFR2	13	2	OX	994	n/a	n/a	0	0	0
370156	REC_WORD	wordpools/wasnorm_wordpool_576.txt	LTP301	ltpFR2	13	2	CORAL	378	n/a	n/a	0	0	0
428881	REC_WORD	wordpools/wasnorm_wordpool_576.txt	LTP301	ltpFR2	13	2	OUTFIT	988	n/a	n/a	0	0	0
476728	WORD	wordpools/wasnorm_wordpool_576.txt	LTP301	ltpFR2	13	3	DRESS	495	n/a	n/a	0	0	0
479340	WORD	wordpools/wasnorm_wordpool_576.txt	LTP301	ltpFR2	13	3	SKIRT	1319	n/a	n/a	0	0	0
482142	WORD	wordpools/wasnorm_wordpool_576.txt	LTP301	ltpFR2	13	3	BEAST	108	n/a	n/a	0	0	0
484943	WORD	wordpools/wasnorm_wordpool_576.txt	LTP301	ltpFR2	13	3	HAND	683	n/a	n/a	0	0	0
487404	WORD	wordpools/wasnorm_wordpool_576.txt	LTP301	ltpFR2	13	3	BURGLAR	200	n/a	n/a	0	0	0
490074	WORD	wordpools/wasnorm_wordpool_576.txt	LTP301	ltpFR2	13	3	SHRUB	1299	n/a	n/a	0	0	0
492574	WORD	wordpools/wasnorm_wordpool_576.txt	LTP301	ltpFR2	13	3	ICING	732	n/a	n/a	0	0	0
495127	WORD	wordpools/wasnorm_wordpool_576.txt	LTP301	ltpFR2	13	3	PIGEON	1065	n/a	n/a	0	0	0
497937	WORD	wordpools/wasnorm_wordpool_576.txt	LTP301	ltpFR2	13	3	HATCHET	691	n/a	n/a	0	0	0
500681	WORD	wordpools/wasnorm_wordpool_576.txt	LTP301	ltpFR2	13	3	HOOD	714	n/a	n/a	0	0	0
503368	WORD	wordpools/wasnorm_wordpool_576.txt	LTP301	ltpFR2	13	3	VAGRANT	1544	n/a	n/a	0	0	0
506020	WORD	wordpools/wasnorm_wordpool_576.txt	LTP301	ltpFR2	13	3	MEAT	883	n/a	n/a	0	0	0
508587	WORD	wordpools/wasnorm_wordpool_576.txt	LTP301	ltpFR2	13	3	FRUIT	610	n/a	n/a	0	0	0
511316	WORD	wordpools/wasnorm_wordpool_576.txt	LTP301	ltpFR2	13	3	RECORD	1176	n/a	n/a	0	0	0
513841	WORD	wordpools/wasnorm_wordpool_576.txt	LTP301	ltpFR2	13	3	FOX	598	n/a	n/a	0	0	0
516386	WORD	wordpools/wasnorm_wordpool_576.txt	LTP301	ltpFR2	13	3	PRINCE	1124	n/a	n/a	0	0	0
518827	WORD	wordpools/wasnorm_wordpool_576.txt	LTP301	ltpFR2	13	3	INMATE	738	n/a	n/a	0	0	0
521364	WORD	wordpools/wasnorm_wordpool_576.txt	LTP301	ltpFR2	13	3	MONEY	908	n/a	n/a	0	0	0
524160	WORD	wordpools/wasnorm_wordpool_576.txt	LTP301	ltpFR2	13	3	PARENT	1013	n/a	n/a	0	0	0
526745	WORD	wordpools/wasnorm_wordpool_576.txt	LTP301	ltpFR2	13	3	SISTER	1312	n/a	n/a	0	0	0
529414	WORD	wordpools/wasnorm_wordpool_576.txt	LTP301	ltpFR2	13	3	PIZZA	1079	n/a	n/a	0	0	0
532200	WORD	wordpools/wasnorm_wordpool_576.txt	LTP301	ltpFR2	13	3	TOMBSTONE	1478	n/a	n/a	0	0	0
534640	WORD	wordpools/wasnorm_wordpool_576.txt	LTP301	ltpFR2	13	3	SHORTCAKE	1292	n/a	n/a	0	0	0
537110	WORD	wordpools/wasnorm_wordpool_576.txt	LTP301	ltpFR2	13	3	PLIERS	1089	n/a	n/a	0	0	0
538721	START	n/a	LTP301	ltpFR2	13	n/a	n/a	n/a	4	n/a	n/a	n/a	n/a
539767	DISTRACTOR	n/a	LTP301	ltpFR2	13	3	n/a	n/a	n/a	n/a	0	0	0
539771	PROB	n/a	LTP301	ltpFR2	13	n/a	n/a	n/a	4	14	1	8	5
543429	PROB	n/a	LTP301	ltpFR2	13	n/a	n/a	n/a	4	19	5	9	5
546349	PROB	n/a	LTP301	ltpFR2	13	n/a	n/a	n/a	4	20	8	3	9
548917	PROB	n/a	LTP301	ltpFR2	13	n/a	n/a	n/a	4	9	1	5	3
551219	PROB	n/a	LTP301	ltpFR2	13	n/a	n/a	n/a	4	8	1	6	1
553071	PROB	n/a	LTP301	ltpFR2	13	n/a	n/a	n/a	4	8	3	4	1
554988	PROB	n/a	LTP301	ltpFR2	13	n/a	n/a	n/a	4	20	6	5	9
562720	STOP	n/a	LTP301	ltpFR2	13	n/a	n/a	n/a	4	n/a	n/a	n/a	n/a
564481	REC_START	n/a	LTP301	ltpFR2	13	3	n/a	n/a	n/a	n/a	0	0	0
567647	REC_WORD	wordpools/wasnorm_wordpool_576.txt	LTP301	ltpFR2	13	3	DRESS	495	n/a	n/a	0	0	0
568569	REC_WORD	wordpools/wasnorm_wordpool_576.txt	LTP301	ltpFR2	13	3	SKIRT	1319	n/a	n/a	0	0	0
572858	REC_WORD	wordpools/wasnorm_wordpool_576.txt	LTP301	ltpFR2	13	3	HOOD	714	n/a	n/a	0	0	0
579112	REC_WORD	wordpools/wasnorm_wordpool_576.txt	LTP301	ltpFR2	13	3	TOMBSTONE	1478	n/a	n/a	0	0	0
580109	REC_WORD	wordpools/wasnorm_wordpool_576.txt	LTP301	ltpFR2	13	3	PIZZA	1079	n/a	n/a	0	0	0
613944	REC_WORD	wordpools/wasnorm_wordpool_576.txt	LTP301	ltpFR2	13	3	SISTER	1312	n/a	n/a	0	0	0
626589	REC_WORD	wordpools/wasnorm_wordpool_576.txt	LTP301	ltpFR2	13	3	DAUGHTER	442	n/a	n/a	0	0	0
654932	WORD	wordpools/wasnorm_wordpool_576.txt	LTP301	ltpFR2	13	4	BANJO	82	n/a	n/a	0	0	0
657434	WORD	wordpools/wasnorm_wordpool_576.txt	LTP301	ltpFR2	13	4	BLENDER	136	n/a	n/a	0	0	0
659869	WORD	wordpools/wasnorm_wordpool_576.txt	LTP301	ltpFR2	13	4	ZIPPER	1636	n/a	n/a	0	0	0
662420	WORD	wordpools/wasnorm_wordpool_576.txt	LTP301	ltpFR2	13	4	RUG	1215	n/a	n/a	0	0	0
665041	WORD	wordpools/wasnorm_wordpool_576.txt	LTP301	ltpFR2	13	4	SHIRT	1287	n/a	n/a	0	0	0
667608	WORD	wordpools/wasnorm_wordpool_576.txt	LTP301	ltpFR2	13	4	KLEENEX	782	n/a	n/a	0	0	0
670295	WORD	wordpools/wasnorm_wordpool_576.txt	LTP301	ltpFR2	13	4	SMOG	1330	n/a	n/a	0	0	0
672716	WORD	wordpools/wasnorm_wordpool_576.txt	LTP301	ltpFR2	13	4	BODY	145	n/a	n/a	0	0	0
675265	WORD	wordpools/wasnorm_wordpool_576.txt	LTP301	ltpFR2	13	4	RIVER	1194	n/a	n/a	0	0	0
677837	WORD	wordpools/wasnorm_wordpool_576.txt	LTP301	ltpFR2	13	4	DENTIST	447	n/a	n/a	0	0	0
680502	WORD	wordpools/wasnorm_wordpool_576.txt	LTP301	ltpFR2	13	4	BEAVER	109	n/a	n/a	0	0	0
683054	WORD	wordpools/wasnorm_wordpool_576.txt	LTP301	ltpFR2	13	4	TREAT	1501	n/a	n/a	0	0	0
685521	WORD	wordpools/wasnorm_wordpool_576.txt	LTP301	ltpFR2	13	4	PADDLE	1000	n/a	n/a	0	0	0
687990	WORD	wordpools/wasnorm_wordpool_576.txt	LTP301	ltpFR2	13	4	NOTEBOOK	959	n/a	n/a	0	0	0
690765	WORD	wordpools/wasnorm_wordpool_576.txt	LTP301	ltpFR2	13	4	REPORT	1184	n/a	n/a	0	0	0
693478	WORD	wordpools/wasnorm_wordpool_576.txt	LTP301	ltpFR2	13	4	COUNTRY	388	n/a	n/a	0	0	0
696264	WORD	wordpools/wasnorm_wordpool_576.txt	LTP301	ltpFR2	13	4	COUNTY	389	n/a	n/a	0	0	0
698966	WORD	wordpools/wasnorm_wordpool_576.txt	LTP301	ltpFR2	13	4	BOUQUET	157	n/a	n/a	0	0	0
701623	WORD	wordpools/wasnorm_wordpool_576.txt	LTP301	ltpFR2	13	4	HUMAN	726	n/a	n/a	0	0	0
704260	WORD	wordpools/wasnorm_wordpool_576.txt	LTP301	ltpFR2	13	4	DRIVER	499	n/a	n/a	0	0	0
707022	WORD	wordpools/wasnorm_wordpool_576.txt	LTP301	ltpFR2	13	4	MARSH	874	n/a	n/a	0	0	0
709741	WORD	wordpools/wasnorm_wordpool_576.txt	LTP301	ltpFR2	13	4	JEANS	752	n/a	n/a	0	0	0
712360	WORD	wordpools/wasnorm_wordpool_576.txt	LTP301	ltpFR2	13	4	ATOM	55	n/a	n/a	0	0	0
714827	WORD	wordpools/wasnorm_wordpool_576.txt	LTP301	ltpFR2	13	4	WAITRESS	1581	n/a	n/a	0	0	0
716436	START	n/a	LTP301	ltpFR2	13	n/a	n/a	n/a	5	n/a	n/a	n/a	n/a
717404	DISTRACTOR	n/a	LTP301	ltpFR2	13	4	n/a	n/a	n/a	n/a	0	0	0
717413	PROB	n/a	LTP301	ltpFR2	13	n/a	n/a	n/a	5	16	2	6	8
720447	PROB	n/a	LTP301	ltpFR2	13	n/a	n/a	n/a	5	12	6	2	4
722849	PROB	n/a	LTP301	ltpFR2	13	n/a	n/a	n/a	5	13	3	4	6
725535	PROB	n/a	LTP301	ltpFR2	13	n/a	n/a	n/a	5	16	3	7	6
728089	PROB	n/a	LTP301	ltpFR2	13	n/a	n/a	n/a	5	21	4	8	9
730822	PROB	n/a	LTP301	ltpFR2	13	n/a	n/a	n/a	5	13	1	8	4
733642	PROB	n/a	LTP301	ltpFR2	13	n/a	n/a	n/a	5	9	1	2	6
736211	PROB	n/a	LTP301	ltpFR2	13	n/a	n/a	n/a	5	13	5	1	7
739394	STOP	n/a	LTP301	ltpFR2	13	n/a	n/a	n/a	5	n/a	n/a	n/a	n/a
742267	REC_START	n/a	LTP301	ltpFR2	13	4	n/a	n/a	n/a	n/a	0	0	0
745401	REC_WORD	wordpools/wasnorm_wordpool_576.txt	LTP301	ltpFR2	13	4	ZIPPER	1636	n/a	n/a	0	0	0
746633	REC_WORD	wordpools/wasnorm_wordpool_576.txt	LTP301	ltpFR2	13	4	JEANS	752	n/a	n/a	0	0	0
748366	REC_WORD	wordpools/wasnorm_wordpool_576.txt	LTP301	ltpFR2	13	4	HUMAN	726	n/a	n/a	0	0	0
749651	REC_WORD	wordpools/wasnorm_wordpool_576.txt	LTP301	ltpFR2	13	4	DRIVER	499	n/a	n/a	0	0	0
761331	REC_WORD	wordpools/wasnorm_wordpool_576.txt	LTP301	ltpFR2	13	4	ATOM	55	n/a	n/a	0	0	0
782453	REC_WORD	wordpools/wasnorm_wordpool_576.txt	LTP301	ltpFR2	13	4	TWISTER	1530	n/a	n/a	0	0	0
832717	WORD	wordpools/wasnorm_wordpool_576.txt	LTP301	ltpFR2	13	5	BUNNY	198	n/a	n/a	0	0	0
835319	WORD	wordpools/wasnorm_wordpool_576.txt	LTP301	ltpFR2	13	5	JURY	766	n/a	n/a	0	0	0
838087	WORD	wordpools/wasnorm_wordpool_576.txt	LTP301	ltpFR2	13	5	CHIPMUNK	304	n/a	n/a	0	0	0
840789	WORD	wordpools/wasnorm_wordpool_576.txt	LTP301	ltpFR2	13	5	YOLK	1633	n/a	n/a	0	0	0
843425	WORD	wordpools/wasnorm_wordpool_576.txt	LTP301	ltpFR2	13	5	SILK	1307	n/a	n/a	0	0	0
845894	WORD	wordpools/wasnorm_wordpool_576.txt	LTP301	ltpFR2	13	5	LACE	792	n/a	n/a	0	0	0
848428	WORD	wordpools/wasnorm_wordpool_576.txt	LTP301	ltpFR2	13	5	BALLOON	75	n/a	n/a	0	0	0
850947	WORD	wordpools/wasnorm_wordpool_576.txt	LTP301	ltpFR2	13	5	CRUTCH	417	n/a	n/a	0	0	0
853483	WORD	wordpools/wasnorm_wordpool_576.txt	LTP301	ltpFR2	13	5	HEART	697	n/a	n/a	0	0	0
856119	WORD	wordpools/wasnorm_wordpool_576.txt	LTP301	ltpFR2	13	5	TURKEY	1520	n/a	n/a	0	0	0
858653	WORD	wordpools/wasnorm_wordpool_576.txt	LTP301	ltpFR2	13	5	JUNGLE	764	n/a	n/a	0	0	0
861090	WORD	wordpools/wasnorm_wordpool_576.txt	LTP301	ltpFR2	13	5	LEOPARD	812	n/a	n/a	0	0	0
863758	WORD	wordpools/wasnorm_wordpool_576.txt	LTP301	ltpFR2	13	5	CABBAGE	210	n/a	n/a	0	0	0
866344	WORD	wordpools/wasnorm_wordpool_576.txt	LTP301	ltpFR2	13	5	HIKER	708	n/a	n/a	0	0	0
868912	WORD	wordpools/wasnorm_wordpool_576.txt	LTP301	ltpFR2	13	5	AUTHOR	61	n/a	n/a	0	0	0
871714	WORD	wordpools/wasnorm_wordpool_576.txt	LTP301	ltpFR2	13	5	CANYON	235	n/a	n/a	0	0	0
874317	WORD	wordpools/wasnorm_wordpool_576.txt	LTP301	ltpFR2	13	5	SLOPE	1328	n/a	n/a	0	0	0
877052	WORD	wordpools/wasnorm_wordpool_576.txt	LTP301	ltpFR2	13	5	LION	827	n/a	n/a	0	0	0
879787	WORD	wordpools/wasnorm_wordpool_576.txt	LTP301	ltpFR2	13	5	YACHT	1629	n/a	n/a	0	0	0
882522	WORD	wordpools/wasnorm_wordpool_576.txt	LTP301	ltpFR2	13	5	SUMMIT	1405	n/a	n/a	0	0	0
885058	WORD	wordpools/wasnorm_wordpool_576.txt	LTP301	ltpFR2	13	5	CREATURE	403	n/a	n/a	0	0	0
887725	WORD	wordpools/wasnorm_wordpool_576.txt	LTP301	ltpFR2	13	5	PICTURE	1061	n/a	n/a	0	0	0
890394	WORD	wordpools/wasnorm_wordpool_576.txt	LTP301	ltpFR2	13	5	WASHER	1592	n/a	n/a	0	0	0
892997	WORD	wordpools/wasnorm_wordpool_576.txt	LTP301	ltpFR2	13	5	SNAIL	1332	n/a	n/a	0	0	0
894600	START	n/a	LTP301	ltpFR2	13	n/a	n/a	n/a	6	n/a	n/a	n/a	n/a
895707	DISTRACTOR	n/a	LTP301	ltpFR2	13	5	n/a	n/a	n/a	n/a	0	0	0
895715	PROB	n/a	LTP301	ltpFR2	13	n/a	n/a	n/a	6	16	5	9	2
897999	PROB	n/a	LTP301	ltpFR2	13	n/a	n/a	n/a	6	15	3	6	6
900236	PROB	n/a	LTP301	ltpFR2	13	n/a	n/a	n/a	6	18	6	6	6
903620	PROB	n/a	LTP301	ltpFR2	13	n/a	n/a	n/a	6	22	9	6	7
907058	PROB	n/a	LTP301	ltpFR2	13	n/a	n/a	n/a	6	16	1	9	6
908924	PROB	n/a	LTP301	ltpFR2	13	n/a	n/a	n/a	6	15	4	3	8
911961	PROB	n/a	LTP301	ltpFR2	13	n/a	n/a	n/a	6	21	8	5	8
918600	STOP	n/a	LTP301	ltpFR2	13	n/a	n/a	n/a	6	n/a	n/a	n/a	n/a
920517	REC_START	n/a	LTP301	ltpFR2	13	5	n/a	n/a	n/a	n/a	0	0	0
922068	REC_WORD	wordpools/wasnorm_wordpool_576.txt	LTP301	ltpFR2	13	5	WASHER	1592	n/a	n/a	0	0	0
922946	REC_WORD	wordpools/wasnorm_wordpool_576.txt	LTP301	ltpFR2	13	5	SUMMIT	1405	n/a	n/a	0	0	0
924183	REC_WORD	wordpools/wasnorm_wordpool_576.txt	LTP301	ltpFR2	13	5	SPACE	1345	n/a	n/a	0	0	0
955351	REC_WORD	wordpools/wasnorm_wordpool_576.txt	LTP301	ltpFR2	13	5	SNAIL	1332	n/a	n/a	0	0	0
961245	REC_WORD_VV	wordpools/wasnorm_wordpool_576.txt	LTP301	ltpFR2	13	5	<>	-1	n/a	n/a	0	0	0
962575	REC_WORD	wordpools/wasnorm_wordpool_576.txt	LTP301	ltpFR2	13	5	OCTOPUS	971	n/a	n/a	0	0	0
1010946	WORD	wordpools/wasnorm_wordpool_576.txt	LTP301	ltpFR2	13	6	WITNESS	1618	n/a	n/a	0	0	0
1013516	WORD	wordpools/wasnorm_wordpool_576.txt	LTP301	ltpFR2	13	6	HELMET	702	n/a	n/a	0	0	0
1016319	WORD	wordpools/wasnorm_wordpool_576.txt	LTP301	ltpFR2	13	6	MILK	895	n/a	n/a	0	0	0
1018954	WORD	wordpools/wasnorm_wordpool_576.txt	LTP301	ltpFR2	13	6	CANAL	226	n/a	n/a	0	0	0
1021672	WORD	wordpools/wasnorm_wordpool_576.txt	LTP301	ltpFR2	13	6	FOOT	590	n/a	n/a	0	0	0
1024148	WORD	wordpools/wasnorm_wordpool_576.txt	LTP301	ltpFR2	13	6	BULLET	194	n/a	n/a	0	0	0
1026649	WORD	wordpools/wasnorm_wordpool_576.txt	LTP301	ltpFR2	13	6	LODGE	839	n/a	n/a	0	0	0
1029413	WORD	wordpools/wasnorm_wordpool_576.txt	LTP301	ltpFR2	13	6	MOTEL	919	n/a	n/a	0	0	0
1031970	WORD	wordpools/wasnorm_wordpool_576.txt	LTP301	ltpFR2	13	6	GAVEL	627	n/a	n/a	0	0	0
1034651	WORD	wordpools/wasnorm_wordpool_576.txt	LTP301	ltpFR2	13	6	TUBA	1515	n/a	n/a	0	0	0
1037304	WORD	wordpools/wasnorm_wordpool_576.txt	LTP301	ltpFR2	13	6	WHISTLE	1606	n/a	n/a	0	0	0
1039892	WORD	wordpools/wasnorm_wordpool_576.txt	LTP301	ltpFR2	13	6	WRIST	1626	n/a	n/a	0	0	0
1042507	WORD	wordpools/wasnorm_wordpool_576.txt	LTP301	ltpFR2	13	6	CROSS	413	n/a	n/a	0	0	0
1045294	WORD	wordpools/wasnorm_wordpool_576.txt	LTP301	ltpFR2	13	6	ITEM	746	n/a	n/a	0	0	0
1047964	WORD	wordpools/wasnorm_wordpool_576.txt	LTP301	ltpFR2	13	6	LOVER	846	n/a	n/a	0	0	0
1050547	WORD	wordpools/wasnorm_wordpool_576.txt	LTP301	ltpFR2	13	6	FOREST	593	n/a	n/a	0	0	0
1053353	WORD	wordpools/wasnorm_wordpool_576.txt	LTP301	ltpFR2	13	6	SHERIFF	1284	n/a	n/a	0	0	0
1055851	WORD	wordpools/wasnorm_wordpool_576.txt	LTP301	ltpFR2	13	6	MARKET	871	n/a	n/a	0	0	0
1058354	WORD	wordpools/wasnorm_wordpool_576.txt	LTP301	ltpFR2	13	6	PLAZA	1088	n/a	n/a	0	0	0
1061109	WORD	wordpools/wasnorm_wordpool_576.txt	LTP301	ltpFR2	13	6	HEDGE	699	n/a	n/a	0	0	0
1063574	WORD	wordpools/wasnorm_wordpool_576.txt	LTP301	ltpFR2	13	6	SWAMP	1416	n/a	n/a	0	0	0
1066111	WORD	wordpools/wasnorm_wordpool_576.txt	LTP301	ltpFR2	13	6	SALT	1229	n/a	n/a	0	0	0
1068680	WORD	wordpools/wasnorm_wordpool_576.txt	LTP301	ltpFR2	13	6	SHELF	1280	n/a	n/a	0	0	0
1071367	WORD	wordpools/wasnorm_wordpool_576.txt	LTP301	ltpFR2	13	6	JOURNAL	760	n/a	n/a	0	0	0
1072982	START	n/a	LTP301	ltpFR2	13	n/a	n/a	n/a	7	n/a	n/a	n/a	n/a
1073809	DISTRACTOR	n/a	LTP301	ltpFR2	13	6	n/a	n/a	n/a	n/a	0	0	0
1073816	PROB	n/a	LTP301	ltpFR2	13	n/a	n/a	n/a	7	178	5	5	7
1076734	PROB	n/a	LTP301	ltpFR2	13	n/a	n/a	n/a	7	2	8	7	9
1080957	PROB	n/a	LTP301	ltpFR2	13	n/a	n/a	n/a	7	13	1	5	7
1086510	PROB	n/a	LTP301	ltpFR2	13	n/a	n/a	n/a	7	15	2	5	8
1088530	PROB	n/a	LTP301	ltpFR2	13	n/a	n/a	n/a	7	21	7	5	9
1091797	PROB	n/a	LTP301	ltpFR2	13	n/a	n/a	n/a	7	22	8	8	6
1096982	STOP	n/a	LTP301	ltpFR2	13	n/a	n/a	n/a	7	n/a	n/a	n/a	n/a
1098922	REC_START	n/a	LTP301	ltpFR2	13	6	n/a	n/a	n/a	n/a	0	0	0
1100365	REC_WORD	wordpools/wasnorm_wordpool_576.txt	LTP301	ltpFR2	13	6	ITEM	746	n/a	n/a	0	0	0
1101826	REC_WORD	wordpools/wasnorm_wordpool_576.txt	LTP301	ltpFR2	13	6	CLOSET	326	n/a	n/a	0	0	0
1155432	REC_WORD	wordpools/wasnorm_wordpool_576.txt	LTP301	ltpFR2	13	6	SQUIRREL	1362	n/a	n/a	0	0	0
1189330	DISTRACTOR	n/a	LTP301	ltpFR2	13	7	n/a	n/a	n/a	n/a	0	0	0
1189330	START	n/a	LTP301	ltpFR2	13	n/a	n/a	n/a	8	n/a	n/a	n/a	n/a
1189345	PROB	n/a	LTP301	ltpFR2	13	n/a	n/a	n/a	8	19	6	7	6
1195377	PROB	n/a	LTP301	ltpFR2	13	n/a	n/a	n/a	8	18	5	9	4
1197997	PROB	n/a	LTP301	ltpFR2	13	n/a	n/a	n/a	8	11	7	1	3
1199730	PROB	n/a	LTP301	ltpFR2	13	n/a	n/a	n/a	8	17	6	6	5
1202665	PROB	n/a	LTP301	ltpFR2	13	n/a	n/a	n/a	8	15	3	5	7
1205119	PROB	n/a	LTP301	ltpFR2	13	n/a	n/a	n/a	8	17	4	6	7
1208337	PROB	n/a	LTP301	ltpFR2	13	n/a	n/a	n/a	8	15	7	7	1
1213329	STOP	n/a	LTP301	ltpFR2	13	n/a	n/a	n/a	8	n/a	n/a	n/a	n/a
1214500	WORD	wordpools/wasnorm_wordpool_576.txt	LTP301	ltpFR2	13	7	CELLAR	267	n/a	n/a	0	0	0
1217195	WORD	wordpools/wasnorm_wordpool_576.txt	LTP301	ltpFR2	13	7	GROUND	666	n/a	n/a	0	0	0
1219696	WORD	wordpools/wasnorm_wordpool_576.txt	LTP301	ltpFR2	13	7	ROOSTER	1209	n/a	n/a	0	0	0
1222232	WORD	wordpools/wasnorm_wordpool_576.txt	LTP301	ltpFR2	13	7	MATCH	878	n/a	n/a	0	0	0
1224667	WORD	wordpools/wasnorm_wordpool_576.txt	LTP301	ltpFR2	13	7	TUNNEL	1519	n/a	n/a	0	0	0
1227202	WORD	wordpools/wasnorm_wordpool_576.txt	LTP301	ltpFR2	13	7	PLAID	1080	n/a	n/a	0	0	0
1229896	WORD	wordpools/wasnorm_wordpool_576.txt	LTP301	ltpFR2	13	7	BARREL	91	n/a	n/a	0	0	0
1232482	WORD	wordpools/wasnorm_wordpool_576.txt	LTP301	ltpFR2	13	7	SERVER	1272	n/a	n/a	0	0	0
1235234	WORD	wordpools/wasnorm_wordpool_576.txt	LTP301	ltpFR2	13	7	PREACHER	1119	n/a	n/a	0	0	0
1237759	WORD	wordpools/wasnorm_wordpool_576.txt	LTP301	ltpFR2	13	7	FRIAR	605	n/a	n/a	0	0	0
1240554	WORD	wordpools/wasnorm_wordpool_576.txt	LTP301	ltpFR2	13	7	PECAN	1036	n/a	n/a	0	0	0
1243081	WORD	wordpools/wasnorm_wordpool_576.txt	LTP301	ltpFR2	13	7	ATLAS	53	n/a	n/a	0	0	0
1245893	WORD	wordpools/wasnorm_wordpool_576.txt	LTP301	ltpFR2	13	7	DRUG	501	n/a	n/a	0	0	0
1248694	WORD	wordpools/wasnorm_wordpool_576.txt	LTP301	ltpFR2	13	7	BASEMENT	94	n/a	n/a	0	0	0
1251365	WORD	wordpools/wasnorm_wordpool_576.txt	LTP301	ltpFR2	13	7	FARMER	553	n/a	n/a	0	0	0
1253889	WORD	wordpools/wasnorm_wordpool_576.txt	LTP301	ltpFR2	13	7	PEANUT	1032	n/a	n/a	0	0	0
1256691	WORD	wordpools/wasnorm_wordpool_576.txt	LTP301	ltpFR2	13	7	KIDNEY	776	n/a	n/a	0	0	0
1259177	WORD	wordpools/wasnorm_wordpool_576.txt	LTP301	ltpFR2	13	7	DRAWING	494	n/a	n/a	0	0	0
1261622	WORD	wordpools/wasnorm_wordpool_576.txt	LTP301	ltpFR2	13	7	FRAME	600	n/a	n/a	0	0	0
1264392	WORD	wordpools/wasnorm_wordpool_576.txt	LTP301	ltpFR2	13	7	BIKE	125	n/a	n/a	0	0	0
1266910	WORD	wordpools/wasnorm_wordpool_576.txt	LTP301	ltpFR2	13	7	STAPLE	1371	n/a	n/a	0	0	0
1269529	WORD	wordpools/wasnorm_wordpool_576.txt	LTP301	ltpFR2	13	7	GOBLIN	645	n/a	n/a	0	0	0
1272048	WORD	wordpools/wasnorm_wordpool_576.txt	LTP301	ltpFR2	13	7	SUSPECT	1415	n/a	n/a	0	0	0
1274599	WORD	wordpools/wasnorm_wordpool_576.txt	LTP301	ltpFR2	13	7	OINTMENT	974	n/a	n/a	0	0	0
1276202	START	n/a	LTP301	ltpFR2	13	n/a	n/a	n/a	9	n/a	n/a	n/a	n/a
1277370	DISTRACTOR	n/a	LTP301	ltpFR2	13	7	n/a	n/a	n/a	n/a	0	0	0
1277375	PROB	n/a	LTP301	ltpFR2	13	n/a	n/a	n/a	9	15	6	8	1
1282009	PROB	n/a	LTP301	ltpFR2	13	n/a	n/a	n/a	9	19	5	6	8
1285080	PROB	n/a	LTP301	ltpFR2	13	n/a	n/a	n/a	9	11	3	5	3
1286880	PROB	n/a	LTP301	ltpFR2	13	n/a	n/a	n/a	9	20	6	6	8
1288899	PROB	n/a	LTP301	ltpFR2	13	n/a	n/a	n/a	9	18	5	9	4
1291331	PROB	n/a	LTP301	ltpFR2	13	n/a	n/a	n/a	9	14	4	8	2
1293265	PROB	n/a	LTP301	ltpFR2	13	n/a	n/a	n/a	9	13	4	8	1
1295300	PROB	n/a	LTP301	ltpFR2	13	n/a	n/a	n/a	9	17	6	2	9
1297685	PROB	n/a	LTP301	ltpFR2	13	n/a	n/a	n/a	9	15	6	6	3
1299674	STOP	n/a	LTP301	ltpFR2	13	n/a	n/a	n/a	9	n/a	n/a	n/a	n/a
1302126	REC_START	n/a	LTP301	ltpFR2	13	7	n/a	n/a	n/a	n/a	0	0	0
1302945	REC_WORD	wordpools/wasnorm_wordpool_576.txt	LTP301	ltpFR2	13	7	SUSPECT	1415	n/a	n/a	0	0	0
1304265	REC_WORD	wordpools/wasnorm_wordpool_576.txt	LTP301	ltpFR2	13	7	OINTMENT	974	n/a	n/a	0	0	0
1310162	REC_WORD	wordpools/wasnorm_wordpool_576.txt	LTP301	ltpFR2	13	7	BASEMENT	94	n/a	n/a	0	0	0
1313662	REC_WORD	wordpools/wasnorm_wordpool_576.txt	LTP301	ltpFR2	13	7	ARM	38	n/a	n/a	0	0	0
1392544	DISTRACTOR	n/a	LTP301	ltpFR2	13	8	n/a	n/a	n/a	n/a	0	0	0
1392544	START	n/a	LTP301	ltpFR2	13	n/a	n/a	n/a	10	n/a	n/a	n/a	n/a
1392561	PROB	n/a	LTP301	ltpFR2	13	n/a	n/a	n/a	10	15	1	8	6
1394811	PROB	n/a	LTP301	ltpFR2	13	n/a	n/a	n/a	10	21	6	6	9
1398498	PROB	n/a	LTP301	ltpFR2	13	n/a	n/a	n/a	10	19	4	7	8
1401236	PROB	n/a	LTP301	ltpFR2	13	n/a	n/a	n/a	10	9	2	2	5
1403402	PROB	n/a	LTP301	ltpFR2	13	n/a	n/a	n/a	10	17	8	3	6
1405804	PROB	n/a	LTP301	ltpFR2	13	n/a	n/a	n/a	10	15	7	5	3
1409522	PROB	n/a	LTP301	ltpFR2	13	n/a	n/a	n/a	10	15	1	8	6
1411958	PROB	n/a	LTP301	ltpFR2	13	n/a	n/a	n/a	10	16	5	4	7
1416544	STOP	n/a	LTP301	ltpFR2	13	n/a	n/a	n/a	10	n/a	n/a	n/a	n/a
1417579	WORD	wordpools/wasnorm_wordpool_576.txt	LTP301	ltpFR2	13	8	LUMBER	848	n/a	n/a	0	0	0
1420350	WORD	wordpools/wasnorm_wordpool_576.txt	LTP301	ltpFR2	13	8	PARSLEY	1016	n/a	n/a	0	0	0
1423151	WORD	wordpools/wasnorm_wordpool_576.txt	LTP301	ltpFR2	13	8	SNACK	1331	n/a	n/a	0	0	0
1425742	WORD	wordpools/wasnorm_wordpool_576.txt	LTP301	ltpFR2	13	8	DANCER	437	n/a	n/a	0	0	0
1428410	WORD	wordpools/wasnorm_wordpool_576.txt	LTP301	ltpFR2	13	8	BANK	83	n/a	n/a	0	0	0
1430990	WORD	wordpools/wasnorm_wordpool_576.txt	LTP301	ltpFR2	13	8	DOUGHNUT	490	n/a	n/a	0	0	0
1433676	WORD	wordpools/wasnorm_wordpool_576.txt	LTP301	ltpFR2	13	8	CRATER	400	n/a	n/a	0	0	0
1436395	WORD	wordpools/wasnorm_wordpool_576.txt	LTP301	ltpFR2	13	8	CHILD	299	n/a	n/a	0	0	0
1439114	WORD	wordpools/wasnorm_wordpool_576.txt	LTP301	ltpFR2	13	8	SPARROW	1347	n/a	n/a	0	0	0
1441823	WORD	wordpools/wasnorm_wordpool_576.txt	LTP301	ltpFR2	13	8	CITRUS	313	n/a	n/a	0	0	0
1444617	WORD	wordpools/wasnorm_wordpool_576.txt	LTP301	ltpFR2	13	8	PEACH	1031	n/a	n/a	0	0	0
1447419	WORD	wordpools/wasnorm_wordpool_576.txt	LTP301	ltpFR2	13	8	CRIB	407	n/a	n/a	0	0	0
1450089	WORD	wordpools/wasnorm_wordpool_576.txt	LTP301	ltpFR2	13	8	PICNIC	1060	n/a	n/a	0	0	0
1452898	WORD	wordpools/wasnorm_wordpool_576.txt	LTP301	ltpFR2	13	8	PARTNER	1017	n/a	n/a	0	0	0
1455592	WORD	wordpools/wasnorm_wordpool_576.txt	LTP301	ltpFR2	13	8	COURSE	390	n/a	n/a	0	0	0
1458394	WORD	wordpools/wasnorm_wordpool_576.txt	LTP301	ltpFR2	13	8	EAGLE	512	n/a	n/a	0	0	0
1460830	WORD	wordpools/wasnorm_wordpool_576.txt	LTP301	ltpFR2	13	8	MARS	873	n/a	n/a	0	0	0
1463449	WORD	wordpools/wasnorm_wordpool_576.txt	LTP301	ltpFR2	13	8	CANDY	230	n/a	n/a	0	0	0
1466252	WORD	wordpools/wasnorm_wordpool_576.txt	LTP301	ltpFR2	13	8	FRANCE	601	n/a	n/a	0	0	0
1468762	WORD	wordpools/wasnorm_wordpool_576.txt	LTP301	ltpFR2	13	8	SCARECROW	1245	n/a	n/a	0	0	0
1471564	WORD	wordpools/wasnorm_wordpool_576.txt	LTP301	ltpFR2	13	8	COMPASS	358	n/a	n/a	0	0	0
1474016	WORD	wordpools/wasnorm_wordpool_576.txt	LTP301	ltpFR2	13	8	COIN	343	n/a	n/a	0	0	0
1476517	WORD	wordpools/wasnorm_wordpool_576.txt	LTP301	ltpFR2	13	8	CLOTHES	327	n/a	n/a	0	0	0
1479104	WORD	wordpools/wasnorm_wordpool_576.txt	LTP301	ltpFR2	13	8	SEAL	1262	n/a	n/a	0	0	0
1480712	START	n/a	LTP301	ltpFR2	13	n/a	n/a	n/a	11	n/a	n/a	n/a	n/a
1481572	DISTRACTOR	n/a	LTP301	ltpFR2	13	8	n/a	n/a	n/a	n/a	0	0	0
1481579	PROB	n/a	LTP301	ltpFR2	13	n/a	n/a	n/a	11	12	7	5	1
1485714	PROB	n/a	LTP301	ltpFR2	13	n/a	n/a	n/a	11	7	3	3	1
1487950	PROB	n/a	LTP301	ltpFR2	13	n/a	n/a	n/a	11	14	4	9	1
1490952	PROB	n/a	LTP301	ltpFR2	13	n/a	n/a	n/a	11	12	3	1	8
1493720	PROB	n/a	LTP301	ltpFR2	13	n/a	n/a	n/a	11	18	8	7	3
1495422	PROB	n/a	LTP301	ltpFR2	13	n/a	n/a	n/a	11	21	4	9	8
1498891	PROB	n/a	LTP301	ltpFR2	13	n/a	n/a	n/a	11	15	1	5	9
1500961	PROB	n/a	LTP301	ltpFR2	13	n/a	n/a	n/a	11	9	5	3	1
1504712	STOP	n/a	LTP301	ltpFR2	13	n/a	n/a	n/a	11	n/a	n/a	n/a	n/a
1506515	REC_START	n/a	LTP301	ltpFR2	13	8	n/a	n/a	n/a	n/a	0	0	0
1507348	REC_WORD	wordpools/wasnorm_wordpool_576.txt	LTP301	ltpFR2	13	8	WOOL	-1	n/a	n/a	0	0	0
1508301	REC_WORD	wordpools/wasnorm_wordpool_576.txt	LTP301	ltpFR2	13	8	SEAL	1262	n/a	n/a	0	0	0
1511052	REC_WORD	wordpools/wasnorm_wordpool_576.txt	LTP301	ltpFR2	13	8	PEACH	1031	n/a	n/a	0	0	0
1512165	REC_WORD	wordpools/wasnorm_wordpool_576.txt	LTP301	ltpFR2	13	8	CITRUS	313	n/a	n/a	0	0	0
1551540	REC_WORD	wordpools/wasnorm_wordpool_576.txt	LTP301	ltpFR2	13	8	BABY	64	n/a	n/a	0	0	0
1583057	REST_REWET	n/a	LTP301	ltpFR2	13	8	n/a	n/a	n/a	n/a	0	0	0
1732305	DISTRACTOR	n/a	LTP301	ltpFR2	13	9	n/a	n/a	n/a	n/a	0	0	0
1732305	START	n/a	LTP301	ltpFR2	13	n/a	n/a	n/a	12	n/a	n/a	n/a	n/a
1732322	PROB	n/a	LTP301	ltpFR2	13	n/a	n/a	n/a	12	10	6	2	2
1734373	PROB	n/a	LTP301	ltpFR2	13	n/a	n/a	n/a	12	18	7	3	8
1736390	PROB	n/a	LTP301	ltpFR2	13	n/a	n/a	n/a	12	8	5	2	1
1739125	PROB	n/a	LTP301	ltpFR2	13	n/a	n/a	n/a	12	6	2	3	1
1741678	PROB	n/a	LTP301	ltpFR2	13	n/a	n/a	n/a	12	9	2	3	4
1743945	PROB	n/a	LTP301	ltpFR2	13	n/a	n/a	n/a	12	20	7	5	8
1749151	PROB	n/a	LTP301	ltpFR2	13	n/a	n/a	n/a	12	19	3	7	9
1751368	PROB	n/a	LTP301	ltpFR2	13	n/a	n/a	n/a	12	21	8	8	5
1756299	STOP	n/a	LTP301	ltpFR2	13	n/a	n/a	n/a	12	n/a	n/a	n/a	n/a
1757485	WORD	wordpools/wasnorm_wordpool_576.txt	LTP301	ltpFR2	13	9	TRIBE	1505	n/a	n/a	0	0	0
1760238	WORD	wordpools/wasnorm_wordpool_576.txt	LTP301	ltpFR2	13	9	SLIME	1327	n/a	n/a	0	0	0
1762839	WORD	wordpools/wasnorm_wordpool_576.txt	LTP301	ltpFR2	13	9	STOMACH	1384	n/a	n/a	0	0	0
1765624	WORD	wordpools/wasnorm_wordpool_576.txt	LTP301	ltpFR2	13	9	HANDBAG	684	n/a	n/a	0	0	0
1768061	WORD	wordpools/wasnorm_wordpool_576.txt	LTP301	ltpFR2	13	9	NOVEL	960	n/a	n/a	0	0	0
1770629	WORD	wordpools/wasnorm_wordpool_576.txt	LTP301	ltpFR2	13	9	MILDEW	893	n/a	n/a	0	0	0
1773199	WORD	wordpools/wasnorm_wordpool_576.txt	LTP301	ltpFR2	13	9	TERMITE	1451	n/a	n/a	0	0	0
1775699	WORD	wordpools/wasnorm_wordpool_576.txt	LTP301	ltpFR2	13	9	COCOON	339	n/a	n/a	0	0	0
1778253	WORD	wordpools/wasnorm_wordpool_576.txt	LTP301	ltpFR2	13	9	VICTIM	1562	n/a	n/a	0	0	0
1780907	WORD	wordpools/wasnorm_wordpool_576.txt	LTP301	ltpFR2	13	9	APRON	35	n/a	n/a	0	0	0
1783560	WORD	wordpools/wasnorm_wordpool_576.txt	LTP301	ltpFR2	13	9	STOVE	1388	n/a	n/a	0	0	0
1786143	WORD	wordpools/wasnorm_wordpool_576.txt	LTP301	ltpFR2	13	9	MONSTER	912	n/a	n/a	0	0	0
1788644	WORD	wordpools/wasnorm_wordpool_576.txt	LTP301	ltpFR2	13	9	DRILL	497	n/a	n/a	0	0	0
1791147	WORD	wordpools/wasnorm_wordpool_576.txt	LTP301	ltpFR2	13	9	EXPERT	543	n/a	n/a	0	0	0
1793765	WORD	wordpools/wasnorm_wordpool_576.txt	LTP301	ltpFR2	13	9	ORANGE	980	n/a	n/a	0	0	0
1796500	WORD	wordpools/wasnorm_wordpool_576.txt	LTP301	ltpFR2	13	9	LIPSTICK	829	n/a	n/a	0	0	0
1798986	WORD	wordpools/wasnorm_wordpool_576.txt	LTP301	ltpFR2	13	9	TEACHER	1440	n/a	n/a	0	0	0
1801422	WORD	wordpools/wasnorm_wordpool_576.txt	LTP301	ltpFR2	13	9	ICEBERG	731	n/a	n/a	0	0	0
1804108	WORD	wordpools/wasnorm_wordpool_576.txt	LTP301	ltpFR2	13	9	HOUND	724	n/a	n/a	0	0	0
1806909	WORD	wordpools/wasnorm_wordpool_576.txt	LTP301	ltpFR2	13	9	PROTON	1132	n/a	n/a	0	0	0
1809445	WORD	wordpools/wasnorm_wordpool_576.txt	LTP301	ltpFR2	13	9	NECKLACE	940	n/a	n/a	0	0	0
1812031	WORD	wordpools/wasnorm_wordpool_576.txt	LTP301	ltpFR2	13	9	BUCKET	184	n/a	n/a	0	0	0
1814582	WORD	wordpools/wasnorm_wordpool_576.txt	LTP301	ltpFR2	13	9	CONVICT	371	n/a	n/a	0	0	0
1817219	WORD	wordpools/wasnorm_wordpool_576.txt	LTP301	ltpFR2	13	9	SCARF	1246	n/a	n/a	0	0	0
1818836	START	n/a	LTP301	ltpFR2	13	n/a	n/a	n/a	13	n/a	n/a	n/a	n/a
1819923	DISTRACTOR	n/a	LTP301	ltpFR2	13	9	n/a	n/a	n/a	n/a	0	0	0
1819937	PROB	n/a	LTP301	ltpFR2	13	n/a	n/a	n/a	13	21	6	9	8
1823106	PROB	n/a	LTP301	ltpFR2	13	n/a	n/a	n/a	13	14	3	2	9
1825990	PROB	n/a	LTP301	ltpFR2	13	n/a	n/a	n/a	13	16	4	6	6
1827875	PROB	n/a	LTP301	ltpFR2	13	n/a	n/a	n/a	13	17	4	5	8
1830929	PROB	n/a	LTP301	ltpFR2	13	n/a	n/a	n/a	13	24	8	8	8
1835248	PROB	n/a	LTP301	ltpFR2	13	n/a	n/a	n/a	13	21	7	7	7
1837068	PROB	n/a	LTP301	ltpFR2	13	n/a	n/a	n/a	13	16	6	5	5
1839118	PROB	n/a	LTP301	ltpFR2	13	n/a	n/a	n/a	13	16	4	9	3
1842315	STOP	n/a	LTP301	ltpFR2	13	n/a	n/a	n/a	13	n/a	n/a	n/a	n/a
1844772	REC_START	n/a	LTP301	ltpFR2	13	9	n/a	n/a	n/a	n/a	0	0	0
1846213	REC_WORD	wordpools/wasnorm_wordpool_576.txt	LTP301	ltpFR2	13	9	SCARF	1246	n/a	n/a	0	0	0
1847617	REC_WORD	wordpools/wasnorm_wordpool_576.txt	LTP301	ltpFR2	13	9	CONVICT	371	n/a	n/a	0	0	0
1849823	REC_WORD	wordpools/wasnorm_wordpool_576.txt	LTP301	ltpFR2	13	9	PROTON	1132	n/a	n/a	0	0	0
1935208	WORD	wordpools/wasnorm_wordpool_576.txt	LTP301	ltpFR2	13	10	PIGMENT	1066	n/a	n/a	0	0	0
1937734	WORD	wordpools/wasnorm_wordpool_576.txt	LTP301	ltpFR2	13	10	WORKER	1621	n/a	n/a	0	0	0
1940179	WORD	wordpools/wasnorm_wordpool_576.txt	LTP301	ltpFR2	13	10	HONEY	713	n/a	n/a	0	0	0
1942622	WORD	wordpools/wasnorm_wordpool_576.txt	LTP301	ltpFR2	13	10	COUCH	386	n/a	n/a	0	0	0
1945175	WORD	wordpools/wasnorm_wordpool_576.txt	LTP301	ltpFR2	13	10	WIDOW	1608	n/a	n/a	0	0	0
1947959	WORD	wordpools/wasnorm_wordpool_576.txt	LTP301	ltpFR2	13	10	GRAVE	658	n/a	n/a	0	0	0
1950437	WORD	wordpools/wasnorm_wordpool_576.txt	LTP301	ltpFR2	13	10	INFANT	737	n/a	n/a	0	0	0
1952905	WORD	wordpools/wasnorm_wordpool_576.txt	LTP301	ltpFR2	13	10	MARKER	870	n/a	n/a	0	0	0
1955506	WORD	wordpools/wasnorm_wordpool_576.txt	LTP301	ltpFR2	13	10	GLASS	639	n/a	n/a	0	0	0
1958311	WORD	wordpools/wasnorm_wordpool_576.txt	LTP301	ltpFR2	13	10	KEEPER	769	n/a	n/a	0	0	0
1960795	WORD	wordpools/wasnorm_wordpool_576.txt	LTP301	ltpFR2	13	10	STUDENT	1395	n/a	n/a	0	0	0
1963546	WORD	wordpools/wasnorm_wordpool_576.txt	LTP301	ltpFR2	13	10	SURVEY	1414	n/a	n/a	0	0	0
1966282	WORD	wordpools/wasnorm_wordpool_576.txt	LTP301	ltpFR2	13	10	PALACE	1006	n/a	n/a	0	0	0
1968777	WORD	wordpools/wasnorm_wordpool_576.txt	LTP301	ltpFR2	13	10	WAGON	1578	n/a	n/a	0	0	0
1971297	WORD	wordpools/wasnorm_wordpool_576.txt	LTP301	ltpFR2	13	10	LAPEL	800	n/a	n/a	0	0	0
1973955	WORD	wordpools/wasnorm_wordpool_576.txt	LTP301	ltpFR2	13	10	NEUTRON	947	n/a	n/a	0	0	0
1976756	WORD	wordpools/wasnorm_wordpool_576.txt	LTP301	ltpFR2	13	10	RATTLE	1170	n/a	n/a	0	0	0
1979203	WORD	wordpools/wasnorm_wordpool_576.txt	LTP301	ltpFR2	13	10	RUST	1219	n/a	n/a	0	0	0
1981955	WORD	wordpools/wasnorm_wordpool_576.txt	LTP301	ltpFR2	13	10	PACKAGE	997	n/a	n/a	0	0	0
1984562	WORD	wordpools/wasnorm_wordpool_576.txt	LTP301	ltpFR2	13	10	BRAKE	166	n/a	n/a	0	0	0
1987276	WORD	wordpools/wasnorm_wordpool_576.txt	LTP301	ltpFR2	13	10	BLOCKADE	137	n/a	n/a	0	0	0
1990046	WORD	wordpools/wasnorm_wordpool_576.txt	LTP301	ltpFR2	13	10	LIZARD	834	n/a	n/a	0	0	0
1992747	WORD	wordpools/wasnorm_wordpool_576.txt	LTP301	ltpFR2	13	10	DAISY	435	n/a	n/a	0	0	0
1995351	WORD	wordpools/wasnorm_wordpool_576.txt	LTP301	ltpFR2	13	10	ACTOR	5	n/a	n/a	0	0	0
1996956	START	n/a	LTP301	ltpFR2	13	n/a	n/a	n/a	14	n/a	n/a	n/a	n/a
1997802	DISTRACTOR	n/a	LTP301	ltpFR2	13	10	n/a	n/a	n/a	n/a	0	0	0
1997805	PROB	n/a	LTP301	ltpFR2	13	n/a	n/a	n/a	14	13	7	5	1
2001641	PROB	n/a	LTP301	ltpFR2	13	n/a	n/a	n/a	14	12	5	2	5
2003761	PROB	n/a	LTP301	ltpFR2	13	n/a	n/a	n/a	14	16	4	8	4
2009682	PROB	n/a	LTP301	ltpFR2	13	n/a	n/a	n/a	14	10	2	7	1
2011318	PROB	n/a	LTP301	ltpFR2	13	n/a	n/a	n/a	14	15	9	4	2
2016921	PROB	n/a	LTP301	ltpFR2	13	n/a	n/a	n/a	14	21	6	9	8
2020347	STOP	n/a	LTP301	ltpFR2	13	n/a	n/a	n/a	14	n/a	n/a	n/a	n/a
2022839	REC_START	n/a	LTP301	ltpFR2	13	10	n/a	n/a	n/a	n/a	0	0	0
2026740	REC_WORD	wordpools/wasnorm_wordpool_576.txt	LTP301	ltpFR2	13	10	STUDENT	1395	n/a	n/a	0	0	0
2065675	REC_WORD	wordpools/wasnorm_wordpool_576.txt	LTP301	ltpFR2	13	10	HOUSE	725	n/a	n/a	0	0	0
2113278	WORD	wordpools/wasnorm_wordpool_576.txt	LTP301	ltpFR2	13	11	ONION	977	n/a	n/a	0	0	0
2115796	WORD	wordpools/wasnorm_wordpool_576.txt	LTP301	ltpFR2	13	11	WASP	1593	n/a	n/a	0	0	0
2118502	WORD	wordpools/wasnorm_wordpool_576.txt	LTP301	ltpFR2	13	11	BRANCH	168	n/a	n/a	0	0	0
2120987	WORD	wordpools/wasnorm_wordpool_576.txt	LTP301	ltpFR2	13	11	TYPIST	1532	n/a	n/a	0	0	0
2123718	WORD	wordpools/wasnorm_wordpool_576.txt	LTP301	ltpFR2	13	11	SPOOL	1356	n/a	n/a	0	0	0
2126442	WORD	wordpools/wasnorm_wordpool_576.txt	LTP301	ltpFR2	13	11	YARN	1631	n/a	n/a	0	0	0
2129024	WORD	wordpools/wasnorm_wordpool_576.txt	LTP301	ltpFR2	13	11	TRENCH	1503	n/a	n/a	0	0	0
2131725	WORD	wordpools/wasnorm_wordpool_576.txt	LTP301	ltpFR2	13	11	PEPPER	1047	n/a	n/a	0	0	0
2134477	WORD	wordpools/wasnorm_wordpool_576.txt	LTP301	ltpFR2	13	11	PIMPLE	1071	n/a	n/a	0	0	0
2137046	WORD	wordpools/wasnorm_wordpool_576.txt	LTP301	ltpFR2	13	11	CRAB	397	n/a	n/a	0	0	0
2139614	WORD	wordpools/wasnorm_wordpool_576.txt	LTP301	ltpFR2	13	11	VENUS	1557	n/a	n/a	0	0	0
2142088	WORD	wordpools/wasnorm_wordpool_576.txt	LTP301	ltpFR2	13	11	TEMPLE	1448	n/a	n/a	0	0	0
2144756	WORD	wordpools/wasnorm_wordpool_576.txt	LTP301	ltpFR2	13	11	BOARD	143	n/a	n/a	0	0	0
2147436	WORD	wordpools/wasnorm_wordpool_576.txt	LTP301	ltpFR2	13	11	TILE	1468	n/a	n/a	0	0	0
2150106	WORD	wordpools/wasnorm_wordpool_576.txt	LTP301	ltpFR2	13	11	DINER	467	n/a	n/a	0	0	0
2152757	WORD	wordpools/wasnorm_wordpool_576.txt	LTP301	ltpFR2	13	11	DRINK	498	n/a	n/a	0	0	0
2155549	WORD	wordpools/wasnorm_wordpool_576.txt	LTP301	ltpFR2	13	11	FLASK	576	n/a	n/a	0	0	0
2158112	WORD	wordpools/wasnorm_wordpool_576.txt	LTP301	ltpFR2	13	11	STAR	1373	n/a	n/a	0	0	0
2160604	WORD	wordpools/wasnorm_wordpool_576.txt	LTP301	ltpFR2	13	11	OFFICE	972	n/a	n/a	0	0	0
2163340	WORD	wordpools/wasnorm_wordpool_576.txt	LTP301	ltpFR2	13	11	BUBBLE	183	n/a	n/a	0	0	0
2165800	WORD	wordpools/wasnorm_wordpool_576.txt	LTP301	ltpFR2	13	11	LAMP	798	n/a	n/a	0	0	0
2168602	WORD	wordpools/wasnorm_wordpool_576.txt	LTP301	ltpFR2	13	11	AGENT	10	n/a	n/a	0	0	0
2171056	WORD	wordpools/wasnorm_wordpool_576.txt	LTP301	ltpFR2	13	11	BLACKBOARD	133	n/a	n/a	0	0	0
2173490	WORD	wordpools/wasnorm_wordpool_576.txt	LTP301	ltpFR2	13	11	DUST	508	n/a	n/a	0	0	0
2175100	START	n/a	LTP301	ltpFR2	13	n/a	n/a	n/a	15	n/a	n/a	n/a	n/a
2176095	DISTRACTOR	n/a	LTP301	ltpFR2	13	11	n/a	n/a	n/a	n/a	0	0	0
2176100	PROB	n/a	LTP301	ltpFR2	13	n/a	n/a	n/a	15	18	9	4	5
2178826	PROB	n/a	LTP301	ltpFR2	13	n/a	n/a	n/a	15	12	9	1	2
2180729	PROB	n/a	LTP301	ltpFR2	13	n/a	n/a	n/a	15	17	2	8	7
2183414	PROB	n/a	LTP301	ltpFR2	13	n/a	n/a	n/a	15	15	8	5	2
2185548	PROB	n/a	LTP301	ltpFR2	13	n/a	n/a	n/a	15	15	4	7	4
2188533	PROB	n/a	LTP301	ltpFR2	13	n/a	n/a	n/a	15	16	9	3	4
2194873	PROB	n/a	LTP301	ltpFR2	13	n/a	n/a	n/a	15	15	3	6	6
2199100	STOP	n/a	LTP301	ltpFR2	13	n/a	n/a	n/a	15	n/a	n/a	n/a	n/a
2200878	REC_START	n/a	LTP301	ltpFR2	13	11	n/a	n/a	n/a	n/a	0	0	0
2203078	REC_WORD	wordpools/wasnorm_wordpool_576.txt	LTP301	ltpFR2	13	11	LAMP	798	n/a	n/a	0	0	0
2204065	REC_WORD	wordpools/wasnorm_wordpool_576.txt	LTP301	ltpFR2	13	11	AGENT	10	n/a	n/a	0	0	0
2205415	REC_WORD	wordpools/wasnorm_wordpool_576.txt	LTP301	ltpFR2	13	11	SPOOL	1356	n/a	n/a	0	0	0
2206670	REC_WORD	wordpools/wasnorm_wordpool_576.txt	LTP301	ltpFR2	13	11	YARN	1631	n/a	n/a	0	0	0
2213290	REC_WORD	wordpools/wasnorm_wordpool_576.txt	LTP301	ltpFR2	13	11	TYPIST	1532	n/a	n/a	0	0	0
2214416	REC_WORD	wordpools/wasnorm_wordpool_576.txt	LTP301	ltpFR2	13	11	BRANCH	168	n/a	n/a	0	0	0
2219441	REC_WORD	wordpools/wasnorm_wordpool_576.txt	LTP301	ltpFR2	13	11	PIGMENT	1066	n/a	n/a	0	0	0
2291314	DISTRACTOR	n/a	LTP301	ltpFR2	13	12	n/a	n/a	n/a	n/a	0	0	0
2291314	START	n/a	LTP301	ltpFR2	13	n/a	n/a	n/a	16	n/a	n/a	n/a	n/a
2291331	PROB	n/a	LTP301	ltpFR2	13	n/a	n/a	n/a	16	19	8	5	6
2296102	PROB	n/a	LTP301	ltpFR2	13	n/a	n/a	n/a	16	21	4	7	8
2299586	PROB	n/a	LTP301	ltpFR2	13	n/a	n/a	n/a	16	7	3	1	3
2302222	PROB	n/a	LTP301	ltpFR2	13	n/a	n/a	n/a	16	17	4	7	6
2304572	PROB	n/a	LTP301	ltpFR2	13	n/a	n/a	n/a	16	13	2	6	5
2307007	PROB	n/a	LTP301	ltpFR2	13	n/a	n/a	n/a	16	17	3	6	8
2310294	PROB	n/a	LTP301	ltpFR2	13	n/a	n/a	n/a	16	15	5	3	7
2312028	PROB	n/a	LTP301	ltpFR2	13	n/a	n/a	n/a	16	12	3	6	3
2314099	STOP	n/a	LTP301	ltpFR2	13	n/a	n/a	n/a	16	n/a	n/a	n/a	n/a
2316449	WORD	wordpools/wasnorm_wordpool_576.txt	LTP301	ltpFR2	13	12	SCRIBBLE	1256	n/a	n/a	0	0	0
2319234	WORD	wordpools/wasnorm_wordpool_576.txt	LTP301	ltpFR2	13	12	TART	1436	n/a	n/a	0	0	0
2322003	WORD	wordpools/wasnorm_wordpool_576.txt	LTP301	ltpFR2	13	12	JELLO	754	n/a	n/a	0	0	0
2324522	WORD	wordpools/wasnorm_wordpool_576.txt	LTP301	ltpFR2	13	12	PORTRAIT	1111	n/a	n/a	0	0	0
2327075	WORD	wordpools/wasnorm_wordpool_576.txt	LTP301	ltpFR2	13	12	PADDING	999	n/a	n/a	0	0	0
2329759	WORD	wordpools/wasnorm_wordpool_576.txt	LTP301	ltpFR2	13	12	HAMPER	682	n/a	n/a	0	0	0
2332295	WORD	wordpools/wasnorm_wordpool_576.txt	LTP301	ltpFR2	13	12	COLLEGE	346	n/a	n/a	0	0	0
2334781	WORD	wordpools/wasnorm_wordpool_576.txt	LTP301	ltpFR2	13	12	SUPPER	1411	n/a	n/a	0	0	0
2337514	WORD	wordpools/wasnorm_wordpool_576.txt	LTP301	ltpFR2	13	12	LUNCH	849	n/a	n/a	0	0	0
2340254	WORD	wordpools/wasnorm_wordpool_576.txt	LTP301	ltpFR2	13	12	GLOBE	641	n/a	n/a	0	0	0
2343020	WORD	wordpools/wasnorm_wordpool_576.txt	LTP301	ltpFR2	13	12	GANGSTER	620	n/a	n/a	0	0	0
2345788	WORD	wordpools/wasnorm_wordpool_576.txt	LTP301	ltpFR2	13	12	VIRUS	1572	n/a	n/a	0	0	0
2348573	WORD	wordpools/wasnorm_wordpool_576.txt	LTP301	ltpFR2	13	12	TABLE	1426	n/a	n/a	0	0	0
2351076	WORD	wordpools/wasnorm_wordpool_576.txt	LTP301	ltpFR2	13	12	TWIG	1527	n/a	n/a	0	0	0
2353827	WORD	wordpools/wasnorm_wordpool_576.txt	LTP301	ltpFR2	13	12	COBRA	336	n/a	n/a	0	0	0
2356512	WORD	wordpools/wasnorm_wordpool_576.txt	LTP301	ltpFR2	13	12	WORLD	1622	n/a	n/a	0	0	0
2359132	WORD	wordpools/wasnorm_wordpool_576.txt	LTP301	ltpFR2	13	12	SWITCH	1422	n/a	n/a	0	0	0
2361817	WORD	wordpools/wasnorm_wordpool_576.txt	LTP301	ltpFR2	13	12	LASER	801	n/a	n/a	0	0	0
2364286	WORD	wordpools/wasnorm_wordpool_576.txt	LTP301	ltpFR2	13	12	SALMON	1227	n/a	n/a	0	0	0
2366887	WORD	wordpools/wasnorm_wordpool_576.txt	LTP301	ltpFR2	13	12	DOLPHIN	483	n/a	n/a	0	0	0
2369390	WORD	wordpools/wasnorm_wordpool_576.txt	LTP301	ltpFR2	13	12	MOTOR	922	n/a	n/a	0	0	0
2372209	WORD	wordpools/wasnorm_wordpool_576.txt	LTP301	ltpFR2	13	12	PRIMATE	1123	n/a	n/a	0	0	0
2375015	WORD	wordpools/wasnorm_wordpool_576.txt	LTP301	ltpFR2	13	12	BOX	159	n/a	n/a	0	0	0
2377496	WORD	wordpools/wasnorm_wordpool_576.txt	LTP301	ltpFR2	13	12	LILY	821	n/a	n/a	0	0	0
2379103	START	n/a	LTP301	ltpFR2	13	n/a	n/a	n/a	17	n/a	n/a	n/a	n/a
2379943	DISTRACTOR	n/a	LTP301	ltpFR2	13	12	n/a	n/a	n/a	n/a	0	0	0
2379947	PROB	n/a	LTP301	ltpFR2	13	n/a	n/a	n/a	17	16	4	6	6
2382431	PROB	n/a	LTP301	ltpFR2	13	n/a	n/a	n/a	17	18	9	8	1
2384300	PROB	n/a	LTP301	ltpFR2	13	n/a	n/a	n/a	17	11	2	5	4
2386417	PROB	n/a	LTP301	ltpFR2	13	n/a	n/a	n/a	17	11	4	6	1
2388803	PROB	n/a	LTP301	ltpFR2	13	n/a	n/a	n/a	17	15	8	5	2
2391640	PROB	n/a	LTP301	ltpFR2	13	n/a	n/a	n/a	17	14	6	1	7
2394624	PROB	n/a	LTP301	ltpFR2	13	n/a	n/a	n/a	17	16	6	8	2
2403102	STOP	n/a	LTP301	ltpFR2	13	n/a	n/a	n/a	17	n/a	n/a	n/a	n/a
2405001	REC_START	n/a	LTP301	ltpFR2	13	12	n/a	n/a	n/a	n/a	0	0	0
2406931	REC_WORD	wordpools/wasnorm_wordpool_576.txt	LTP301	ltpFR2	13	12	SALMON	1227	n/a	n/a	0	0	0
2495447	WORD	wordpools/wasnorm_wordpool_576.txt	LTP301	ltpFR2	13	13	LEADER	807	n/a	n/a	0	0	0
2498221	WORD	wordpools/wasnorm_wordpool_576.txt	LTP301	ltpFR2	13	13	FLASHLIGHT	575	n/a	n/a	0	0	0
2500952	WORD	wordpools/wasnorm_wordpool_576.txt	LTP301	ltpFR2	13	13	KITCHEN	778	n/a	n/a	0	0	0
2503555	WORD	wordpools/wasnorm_wordpool_576.txt	LTP301	ltpFR2	13	13	KNAPSACK	783	n/a	n/a	0	0	0
2505973	WORD	wordpools/wasnorm_wordpool_576.txt	LTP301	ltpFR2	13	13	LONDON	843	n/a	n/a	0	0	0
2508742	WORD	wordpools/wasnorm_wordpool_576.txt	LTP301	ltpFR2	13	13	EUROPE	541	n/a	n/a	0	0	0
2511280	WORD	wordpools/wasnorm_wordpool_576.txt	LTP301	ltpFR2	13	13	RABBIT	1152	n/a	n/a	0	0	0
2514049	WORD	wordpools/wasnorm_wordpool_576.txt	LTP301	ltpFR2	13	13	MAPLE	866	n/a	n/a	0	0	0
2516500	WORD	wordpools/wasnorm_wordpool_576.txt	LTP301	ltpFR2	13	13	PUDDLE	1140	n/a	n/a	0	0	0
2519052	WORD	wordpools/wasnorm_wordpool_576.txt	LTP301	ltpFR2	13	13	PASTRY	1022	n/a	n/a	0	0	0
2521587	WORD	wordpools/wasnorm_wordpool_576.txt	LTP301	ltpFR2	13	13	SCULPTURE	1258	n/a	n/a	0	0	0
2524307	WORD	wordpools/wasnorm_wordpool_576.txt	LTP301	ltpFR2	13	13	EMPIRE	530	n/a	n/a	0	0	0
2526875	WORD	wordpools/wasnorm_wordpool_576.txt	LTP301	ltpFR2	13	13	COLONEL	348	n/a	n/a	0	0	0
2529311	WORD	wordpools/wasnorm_wordpool_576.txt	LTP301	ltpFR2	13	13	SKILLET	1317	n/a	n/a	0	0	0
2531779	WORD	wordpools/wasnorm_wordpool_576.txt	LTP301	ltpFR2	13	13	PUPIL	1143	n/a	n/a	0	0	0
2534481	WORD	wordpools/wasnorm_wordpool_576.txt	LTP301	ltpFR2	13	13	EYELASH	546	n/a	n/a	0	0	0
2537118	WORD	wordpools/wasnorm_wordpool_576.txt	LTP301	ltpFR2	13	13	CLAM	315	n/a	n/a	0	0	0
2539685	WORD	wordpools/wasnorm_wordpool_576.txt	LTP301	ltpFR2	13	13	SKETCH	1315	n/a	n/a	0	0	0
2542155	WORD	wordpools/wasnorm_wordpool_576.txt	LTP301	ltpFR2	13	13	BINDER	127	n/a	n/a	0	0	0
2544790	WORD	wordpools/wasnorm_wordpool_576.txt	LTP301	ltpFR2	13	13	SPOUSE	1358	n/a	n/a	0	0	0
2547292	WORD	wordpools/wasnorm_wordpool_576.txt	LTP301	ltpFR2	13	13	WHISKERS	1605	n/a	n/a	0	0	0
2549844	WORD	wordpools/wasnorm_wordpool_576.txt	LTP301	ltpFR2	13	13	SWIMMER	1420	n/a	n/a	0	0	0
2552280	WORD	wordpools/wasnorm_wordpool_576.txt	LTP301	ltpFR2	13	13	GRAPE	654	n/a	n/a	0	0	0
2554714	WORD	wordpools/wasnorm_wordpool_576.txt	LTP301	ltpFR2	13	13	CHAMPAGNE	278	n/a	n/a	0	0	0
2556317	START	n/a	LTP301	ltpFR2	13	n/a	n/a	n/a	18	n/a	n/a	n/a	n/a
2557216	DISTRACTOR	n/a	LTP301	ltpFR2	13	13	n/a	n/a	n/a	n/a	0	0	0
2557233	PROB	n/a	LTP301	ltpFR2	13	n/a	n/a	n/a	18	14	6	4	4
2559566	PROB	n/a	LTP301	ltpFR2	13	n/a	n/a	n/a	18	23	8	8	7
2566122	PROB	n/a	LTP301	ltpFR2	13	n/a	n/a	n/a	18	22	8	6	8
2568957	PROB	n/a	LTP301	ltpFR2	13	n/a	n/a	n/a	18	22	9	8	5
2573444	PROB	n/a	LTP301	ltpFR2	13	n/a	n/a	n/a	18	23	9	8	4
2575381	PROB	n/a	LTP301	ltpFR2	13	n/a	n/a	n/a	18	14	9	4	1
2579075	STOP	n/a	LTP301	ltpFR2	13	n/a	n/a	n/a	18	n/a	n/a	n/a	n/a
2582087	REC_START	n/a	LTP301	ltpFR2	13	13	n/a	n/a	n/a	n/a	0	0	0
2592951	REC_WORD	wordpools/wasnorm_wordpool_576.txt	LTP301	ltpFR2	13	13	SKILLET	1317	n/a	n/a	0	0	0
2610045	REC_WORD	wordpools/wasnorm_wordpool_576.txt	LTP301	ltpFR2	13	13	LILY	821	n/a	n/a	0	0	0
2621487	REC_WORD	wordpools/wasnorm_wordpool_576.txt	LTP301	ltpFR2	13	13	HEADBAND	696	n/a	n/a	0	0	0
2629482	REC_WORD	wordpools/wasnorm_wordpool_576.txt	LTP301	ltpFR2	13	13	LEADER	807	n/a	n/a	0	0	0
2632626	REC_WORD	wordpools/wasnorm_wordpool_576.txt	LTP301	ltpFR2	13	13	COLONEL	348	n/a	n/a	0	0	0
2646308	REC_WORD	wordpools/wasnorm_wordpool_576.txt	LTP301	ltpFR2	13	13	ARMY	39	n/a	n/a	0	0	0
2672512	DISTRACTOR	n/a	LTP301	ltpFR2	13	14	n/a	n/a	n/a	n/a	0	0	0
2672512	START	n/a	LTP301	ltpFR2	13	n/a	n/a	n/a	19	n/a	n/a	n/a	n/a
2672527	PROB	n/a	LTP301	ltpFR2	13	n/a	n/a	n/a	19	15	8	1	6
2677259	PROB	n/a	LTP301	ltpFR2	13	n/a	n/a	n/a	19	16	7	2	7
2679242	PROB	n/a	LTP301	ltpFR2	13	n/a	n/a	n/a	19	20	9	2	9
2681160	PROB	n/a	LTP301	ltpFR2	13	n/a	n/a	n/a	19	15	5	2	8
2682877	PROB	n/a	LTP301	ltpFR2	13	n/a	n/a	n/a	19	13	3	4	6
2685146	PROB	n/a	LTP301	ltpFR2	13	n/a	n/a	n/a	19	18	7	8	3
2687732	PROB	n/a	LTP301	ltpFR2	13	n/a	n/a	n/a	19	19	8	2	9
2689916	PROB	n/a	LTP301	ltpFR2	13	n/a	n/a	n/a	19	11	5	4	2
2692335	PROB	n/a	LTP301	ltpFR2	13	n/a	n/a	n/a	19	14	3	8	3
2696450	STOP	n/a	LTP301	ltpFR2	13	n/a	n/a	n/a	19	n/a	n/a	n/a	n/a
2697439	WORD	wordpools/wasnorm_wordpool_576.txt	LTP301	ltpFR2	13	14	BRACES	164	n/a	n/a	0	0	0
2700103	WORD	wordpools/wasnorm_wordpool_576.txt	LTP301	ltpFR2	13	14	BOYFRIEND	162	n/a	n/a	0	0	0
2702860	WORD	wordpools/wasnorm_wordpool_576.txt	LTP301	ltpFR2	13	14	GIRL	637	n/a	n/a	0	0	0
2705590	WORD	wordpools/wasnorm_wordpool_576.txt	LTP301	ltpFR2	13	14	TRUCK	1512	n/a	n/a	0	0	0
2708032	WORD	wordpools/wasnorm_wordpool_576.txt	LTP301	ltpFR2	13	14	POISON	1096	n/a	n/a	0	0	0
2710482	WORD	wordpools/wasnorm_wordpool_576.txt	LTP301	ltpFR2	13	14	LAVA	804	n/a	n/a	0	0	0
2713064	WORD	wordpools/wasnorm_wordpool_576.txt	LTP301	ltpFR2	13	14	PERCH	1048	n/a	n/a	0	0	0
2715514	WORD	wordpools/wasnorm_wordpool_576.txt	LTP301	ltpFR2	13	14	SAUSAGE	1238	n/a	n/a	0	0	0
2718117	WORD	wordpools/wasnorm_wordpool_576.txt	LTP301	ltpFR2	13	14	COOKBOOK	373	n/a	n/a	0	0	0
2720573	WORD	wordpools/wasnorm_wordpool_576.txt	LTP301	ltpFR2	13	14	MUFFIN	929	n/a	n/a	0	0	0
2723377	WORD	wordpools/wasnorm_wordpool_576.txt	LTP301	ltpFR2	13	14	PLUTO	1092	n/a	n/a	0	0	0
2725890	WORD	wordpools/wasnorm_wordpool_576.txt	LTP301	ltpFR2	13	14	BARLEY	88	n/a	n/a	0	0	0
2728509	WORD	wordpools/wasnorm_wordpool_576.txt	LTP301	ltpFR2	13	14	MESSAGE	888	n/a	n/a	0	0	0
2731028	WORD	wordpools/wasnorm_wordpool_576.txt	LTP301	ltpFR2	13	14	GRAVEL	659	n/a	n/a	0	0	0
2733480	WORD	wordpools/wasnorm_wordpool_576.txt	LTP301	ltpFR2	13	14	CARROT	249	n/a	n/a	0	0	0
2735951	WORD	wordpools/wasnorm_wordpool_576.txt	LTP301	ltpFR2	13	14	PISTON	1076	n/a	n/a	0	0	0
2738767	WORD	wordpools/wasnorm_wordpool_576.txt	LTP301	ltpFR2	13	14	CASKET	255	n/a	n/a	0	0	0
2741354	WORD	wordpools/wasnorm_wordpool_576.txt	LTP301	ltpFR2	13	14	BELLY	119	n/a	n/a	0	0	0
2744123	WORD	wordpools/wasnorm_wordpool_576.txt	LTP301	ltpFR2	13	14	VIKING	1565	n/a	n/a	0	0	0
2746874	WORD	wordpools/wasnorm_wordpool_576.txt	LTP301	ltpFR2	13	14	SNAKE	1333	n/a	n/a	0	0	0
2749509	WORD	wordpools/wasnorm_wordpool_576.txt	LTP301	ltpFR2	13	14	RAFT	1159	n/a	n/a	0	0	0
2752112	WORD	wordpools/wasnorm_wordpool_576.txt	LTP301	ltpFR2	13	14	PAIL	1002	n/a	n/a	0	0	0
2754781	WORD	wordpools/wasnorm_wordpool_576.txt	LTP301	ltpFR2	13	14	AWARD	63	n/a	n/a	0	0	0
2757533	WORD	wordpools/wasnorm_wordpool_576.txt	LTP301	ltpFR2	13	14	CLAMP	316	n/a	n/a	0	0	0
2759138	START	n/a	LTP301	ltpFR2	13	n/a	n/a	n/a	20	n/a	n/a	n/a	n/a
2760014	DISTRACTOR	n/a	LTP301	ltpFR2	13	14	n/a	n/a	n/a	n/a	0	0	0
2760020	PROB	n/a	LTP301	ltpFR2	13	n/a	n/a	n/a	20	20	6	5	9
2762371	PROB	n/a	LTP301	ltpFR2	13	n/a	n/a	n/a	20	20	8	3	9
2768644	PROB	n/a	LTP301	ltpFR2	13	n/a	n/a	n/a	20	13	3	9	1
2770979	PROB	n/a	LTP301	ltpFR2	13	n/a	n/a	n/a	20	13	4	5	4
2774366	PROB	n/a	LTP301	ltpFR2	13	n/a	n/a	n/a	20	11	3	5	3
2776599	PROB	n/a	LTP301	ltpFR2	13	n/a	n/a	n/a	20	8	1	6	1
2783138	STOP	n/a	LTP301	ltpFR2	13	n/a	n/a	n/a	20	n/a	n/a	n/a	n/a
2785074	REC_START	n/a	LTP301	ltpFR2	13	14	n/a	n/a	n/a	n/a	0	0	0
2786646	REC_WORD	wordpools/wasnorm_wordpool_576.txt	LTP301	ltpFR2	13	14	CLAMP	316	n/a	n/a	0	0	0
2787556	REC_WORD	wordpools/wasnorm_wordpool_576.txt	LTP301	ltpFR2	13	14	MUSCLE	-1	n/a	n/a	0	0	0
2789299	REC_WORD	wordpools/wasnorm_wordpool_576.txt	LTP301	ltpFR2	13	14	BOYFRIEND	162	n/a	n/a	0	0	0
2790837	REC_WORD	wordpools/wasnorm_wordpool_576.txt	LTP301	ltpFR2	13	14	GIRL	637	n/a	n/a	0	0	0
2792222	REC_WORD	wordpools/wasnorm_wordpool_576.txt	LTP301	ltpFR2	13	14	BRACES	164	n/a	n/a	0	0	0
2801494	REC_WORD	wordpools/wasnorm_wordpool_576.txt	LTP301	ltpFR2	13	14	BUCKLE	185	n/a	n/a	0	0	0
2875492	DISTRACTOR	n/a	LTP301	ltpFR2	13	15	n/a	n/a	n/a	n/a	0	0	0
2875492	START	n/a	LTP301	ltpFR2	13	n/a	n/a	n/a	21	n/a	n/a	n/a	n/a
2875507	PROB	n/a	LTP301	ltpFR2	13	n/a	n/a	n/a	21	16	3	9	4
2878410	PROB	n/a	LTP301	ltpFR2	13	n/a	n/a	n/a	21	24	7	9	8
2885166	PROB	n/a	LTP301	ltpFR2	13	n/a	n/a	n/a	21	20	8	9	3
2889235	PROB	n/a	LTP301	ltpFR2	13	n/a	n/a	n/a	21	8	3	3	2
2892720	PROB	n/a	LTP301	ltpFR2	13	n/a	n/a	n/a	21	18	9	6	3
2894855	PROB	n/a	LTP301	ltpFR2	13	n/a	n/a	n/a	21	10	5	1	4
2899482	STOP	n/a	LTP301	ltpFR2	13	n/a	n/a	n/a	21	n/a	n/a	n/a	n/a
2900519	WORD	wordpools/wasnorm_wordpool_576.txt	LTP301	ltpFR2	13	15	BLOUSE	139	n/a	n/a	0	0	0
2903047	WORD	wordpools/wasnorm_wordpool_576.txt	LTP301	ltpFR2	13	15	CHEMIST	292	n/a	n/a	0	0	0
2905814	WORD	wordpools/wasnorm_wordpool_576.txt	LTP301	ltpFR2	13	15	BEEF	113	n/a	n/a	0	0	0
2908334	WORD	wordpools/wasnorm_wordpool_576.txt	LTP301	ltpFR2	13	15	ROBBER	1197	n/a	n/a	0	0	0
2911112	WORD	wordpools/wasnorm_wordpool_576.txt	LTP301	ltpFR2	13	15	SIDEWALK	1303	n/a	n/a	0	0	0
2913838	WORD	wordpools/wasnorm_wordpool_576.txt	LTP301	ltpFR2	13	15	CATTLE	261	n/a	n/a	0	0	0
2916648	WORD	wordpools/wasnorm_wordpool_576.txt	LTP301	ltpFR2	13	15	CHURCH	307	n/a	n/a	0	0	0
2919126	WORD	wordpools/wasnorm_wordpool_576.txt	LTP301	ltpFR2	13	15	SLUG	1329	n/a	n/a	0	0	0
2921737	WORD	wordpools/wasnorm_wordpool_576.txt	LTP301	ltpFR2	13	15	MISTER	901	n/a	n/a	0	0	0
2924455	WORD	wordpools/wasnorm_wordpool_576.txt	LTP301	ltpFR2	13	15	MAMMAL	861	n/a	n/a	0	0	0
2927025	WORD	wordpools/wasnorm_wordpool_576.txt	LTP301	ltpFR2	13	15	ROBOT	1200	n/a	n/a	0	0	0
2929492	WORD	wordpools/wasnorm_wordpool_576.txt	LTP301	ltpFR2	13	15	OUTDOORS	987	n/a	n/a	0	0	0
2932252	WORD	wordpools/wasnorm_wordpool_576.txt	LTP301	ltpFR2	13	15	LIGHTNING	820	n/a	n/a	0	0	0
2935021	WORD	wordpools/wasnorm_wordpool_576.txt	LTP301	ltpFR2	13	15	TROMBONE	1508	n/a	n/a	0	0	0
2937832	WORD	wordpools/wasnorm_wordpool_576.txt	LTP301	ltpFR2	13	15	SOFTBALL	1343	n/a	n/a	0	0	0
2940552	WORD	wordpools/wasnorm_wordpool_576.txt	LTP301	ltpFR2	13	15	RACKET	1155	n/a	n/a	0	0	0
2943321	WORD	wordpools/wasnorm_wordpool_576.txt	LTP301	ltpFR2	13	15	PIANO	1057	n/a	n/a	0	0	0
2945940	WORD	wordpools/wasnorm_wordpool_576.txt	LTP301	ltpFR2	13	15	BEAKER	104	n/a	n/a	0	0	0
2948697	WORD	wordpools/wasnorm_wordpool_576.txt	LTP301	ltpFR2	13	15	CROWN	415	n/a	n/a	0	0	0
2951395	WORD	wordpools/wasnorm_wordpool_576.txt	LTP301	ltpFR2	13	15	CRICKET	408	n/a	n/a	0	0	0
2953930	WORD	wordpools/wasnorm_wordpool_576.txt	LTP301	ltpFR2	13	15	COTTAGE	384	n/a	n/a	0	0	0
2956686	WORD	wordpools/wasnorm_wordpool_576.txt	LTP301	ltpFR2	13	15	BRICK	172	n/a	n/a	0	0	0
2959318	WORD	wordpools/wasnorm_wordpool_576.txt	LTP301	ltpFR2	13	15	XEROX	1628	n/a	n/a	0	0	0
2961803	WORD	wordpools/wasnorm_wordpool_576.txt	LTP301	ltpFR2	13	15	FRIEND	606	n/a	n/a	0	0	0
2963409	START	n/a	LTP301	ltpFR2	13	n/a	n/a	n/a	22	n/a	n/a	n/a	n/a
2964597	DISTRACTOR	n/a	LTP301	ltpFR2	13	15	n/a	n/a	n/a	n/a	0	0	0
2964605	PROB	n/a	LTP301	ltpFR2	13	n/a	n/a	n/a	22	13	6	2	5
2967629	PROB	n/a	LTP301	ltpFR2	13	n/a	n/a	n/a	22	10	1	5	4
2969430	PROB	n/a	LTP301	ltpFR2	13	n/a	n/a	n/a	22	22	9	7	7
2974163	PROB	n/a	LTP301	ltpFR2	13	n/a	n/a	n/a	22	4	1	1	2
2976087	PROB	n/a	LTP301	ltpFR2	13	n/a	n/a	n/a	22	17	3	6	8
2978887	PROB	n/a	LTP301	ltpFR2	13	n/a	n/a	n/a	22	22	8	6	8
2982219	PROB	n/a	LTP301	ltpFR2	13	n/a	n/a	n/a	22	12	1	4	7
2985239	PROB	n/a	LTP301	ltpFR2	13	n/a	n/a	n/a	22	9	5	3	1
2986762	STOP	n/a	LTP301	ltpFR2	13	n/a	n/a	n/a	22	n/a	n/a	n/a	n/a
2989280	REC_START	n/a	LTP301	ltpFR2	13	15	n/a	n/a	n/a	n/a	0	0	0
2989867	REC_WORD	wordpools/wasnorm_wordpool_576.txt	LTP301	ltpFR2	13	15	BLOUSE	139	n/a	n/a	0	0	0
2990936	REC_WORD	wordpools/wasnorm_wordpool_576.txt	LTP301	ltpFR2	13	15	COTTAGE	384	n/a	n/a	0	0	0
2994010	REC_WORD	wordpools/wasnorm_wordpool_576.txt	LTP301	ltpFR2	13	15	FRIEND	606	n/a	n/a	0	0	0
3079698	DISTRACTOR	n/a	LTP301	ltpFR2	13	16	n/a	n/a	n/a	n/a	0	0	0
3079698	START	n/a	LTP301	ltpFR2	13	n/a	n/a	n/a	23	n/a	n/a	n/a	n/a
3079713	PROB	n/a	LTP301	ltpFR2	13	n/a	n/a	n/a	23	7	3	1	3
3081431	PROB	n/a	LTP301	ltpFR2	13	n/a	n/a	n/a	23	19	3	9	7
3083716	PROB	n/a	LTP301	ltpFR2	13	n/a	n/a	n/a	23	9	1	1	7
3085401	PROB	n/a	LTP301	ltpFR2	13	n/a	n/a	n/a	23	15	8	2	7
3087769	PROB	n/a	LTP301	ltpFR2	13	n/a	n/a	n/a	23	14	2	5	7
3092941	PROB	n/a	LTP301	ltpFR2	13	n/a	n/a	n/a	23	10	2	6	2
3094808	PROB	n/a	LTP301	ltpFR2	13	n/a	n/a	n/a	23	23	7	9	5
3099379	PROB	n/a	LTP301	ltpFR2	13	n/a	n/a	n/a	23	11	1	7	3
3103698	STOP	n/a	LTP301	ltpFR2	13	n/a	n/a	n/a	23	n/a	n/a	n/a	n/a
3104533	WORD	wordpools/wasnorm_wordpool_576.txt	LTP301	ltpFR2	13	16	EGYPT	519	n/a	n/a	0	0	0
3107342	WORD	wordpools/wasnorm_wordpool_576.txt	LTP301	ltpFR2	13	16	CHAPEL	280	n/a	n/a	0	0	0
3109971	WORD	wordpools/wasnorm_wordpool_576.txt	LTP301	ltpFR2	13	16	CATCHER	258	n/a	n/a	0	0	0
3112672	WORD	wordpools/wasnorm_wordpool_576.txt	LTP301	ltpFR2	13	16	WRENCH	1625	n/a	n/a	0	0	0
3115214	WORD	wordpools/wasnorm_wordpool_576.txt	LTP301	ltpFR2	13	16	SCALPEL	1243	n/a	n/a	0	0	0
3118010	WORD	wordpools/wasnorm_wordpool_576.txt	LTP301	ltpFR2	13	16	TRANSPLANT	1496	n/a	n/a	0	0	0
3120735	WORD	wordpools/wasnorm_wordpool_576.txt	LTP301	ltpFR2	13	16	QUARTER	1148	n/a	n/a	0	0	0
3123355	WORD	wordpools/wasnorm_wordpool_576.txt	LTP301	ltpFR2	13	16	NAPKIN	937	n/a	n/a	0	0	0
3125915	WORD	wordpools/wasnorm_wordpool_576.txt	LTP301	ltpFR2	13	16	TURTLE	1522	n/a	n/a	0	0	0
3128641	WORD	wordpools/wasnorm_wordpool_576.txt	LTP301	ltpFR2	13	16	PUPPY	1144	n/a	n/a	0	0	0
3131121	WORD	wordpools/wasnorm_wordpool_576.txt	LTP301	ltpFR2	13	16	FRECKLE	602	n/a	n/a	0	0	0
3133572	WORD	wordpools/wasnorm_wordpool_576.txt	LTP301	ltpFR2	13	16	PAPER	1011	n/a	n/a	0	0	0
3136007	WORD	wordpools/wasnorm_wordpool_576.txt	LTP301	ltpFR2	13	16	IDOL	733	n/a	n/a	0	0	0
3138684	WORD	wordpools/wasnorm_wordpool_576.txt	LTP301	ltpFR2	13	16	SPHINX	1349	n/a	n/a	0	0	0
3141411	WORD	wordpools/wasnorm_wordpool_576.txt	LTP301	ltpFR2	13	16	OUTLAW	989	n/a	n/a	0	0	0
3144206	WORD	wordpools/wasnorm_wordpool_576.txt	LTP301	ltpFR2	13	16	PATROL	1027	n/a	n/a	0	0	0
3146757	WORD	wordpools/wasnorm_wordpool_576.txt	LTP301	ltpFR2	13	16	POLICE	1098	n/a	n/a	0	0	0
3149201	WORD	wordpools/wasnorm_wordpool_576.txt	LTP301	ltpFR2	13	16	SPONGE	1355	n/a	n/a	0	0	0
3151710	WORD	wordpools/wasnorm_wordpool_576.txt	LTP301	ltpFR2	13	16	ASIA	46	n/a	n/a	0	0	0
3154181	WORD	wordpools/wasnorm_wordpool_576.txt	LTP301	ltpFR2	13	16	CIGAR	308	n/a	n/a	0	0	0
3156922	WORD	wordpools/wasnorm_wordpool_576.txt	LTP301	ltpFR2	13	16	LETTUCE	814	n/a	n/a	0	0	0
3159525	WORD	wordpools/wasnorm_wordpool_576.txt	LTP301	ltpFR2	13	16	JELLY	755	n/a	n/a	0	0	0
3162204	WORD	wordpools/wasnorm_wordpool_576.txt	LTP301	ltpFR2	13	16	SERVANT	1271	n/a	n/a	0	0	0
3164779	WORD	wordpools/wasnorm_wordpool_576.txt	LTP301	ltpFR2	13	16	WAITER	1580	n/a	n/a	0	0	0
3166391	START	n/a	LTP301	ltpFR2	13	n/a	n/a	n/a	24	n/a	n/a	n/a	n/a
3167583	DISTRACTOR	n/a	LTP301	ltpFR2	13	16	n/a	n/a	n/a	n/a	0	0	0
3167591	PROB	n/a	LTP301	ltpFR2	13	n/a	n/a	n/a	24	15	5	9	1
3170117	PROB	n/a	LTP301	ltpFR2	13	n/a	n/a	n/a	24	20	3	8	9
3172918	PROB	n/a	LTP301	ltpFR2	13	n/a	n/a	n/a	24	11	3	2	6
3175736	PROB	n/a	LTP301	ltpFR2	13	n/a	n/a	n/a	24	17	9	5	3
3182692	PROB	n/a	LTP301	ltpFR2	13	n/a	n/a	n/a	24	6	2	2	2
3184228	PROB	n/a	LTP301	ltpFR2	13	n/a	n/a	n/a	24	19	7	5	7
3190390	STOP	n/a	LTP301	ltpFR2	13	n/a	n/a	n/a	24	n/a	n/a	n/a	n/a
3192301	REC_START	n/a	LTP301	ltpFR2	13	16	n/a	n/a	n/a	n/a	0	0	0
3193539	REC_WORD	wordpools/wasnorm_wordpool_576.txt	LTP301	ltpFR2	13	16	IDOL	733	n/a	n/a	0	0	0
3194215	REC_WORD	wordpools/wasnorm_wordpool_576.txt	LTP301	ltpFR2	13	16	SPHINX	1349	n/a	n/a	0	0	0
3205954	REC_WORD	wordpools/wasnorm_wordpool_576.txt	LTP301	ltpFR2	13	16	EGYPT	519	n/a	n/a	0	0	0
3268842	REST_REWET	n/a	LTP301	ltpFR2	13	16	n/a	n/a	n/a	n/a	0	0	0
3464871	DISTRACTOR	n/a	LTP301	ltpFR2	13	17	n/a	n/a	n/a	n/a	0	0	0
3464871	START	n/a	LTP301	ltpFR2	13	n/a	n/a	n/a	25	n/a	n/a	n/a	n/a
3464888	PROB	n/a	LTP301	ltpFR2	13	n/a	n/a	n/a	25	11	2	3	4
3467340	PROB	n/a	LTP301	ltpFR2	13	n/a	n/a	n/a	25	6	3	2	1
3469174	PROB	n/a	LTP301	ltpFR2	13	n/a	n/a	n/a	25	7	1	1	5
3470875	PROB	n/a	LTP301	ltpFR2	13	n/a	n/a	n/a	25	20	9	9	2
3473730	PROB	n/a	LTP301	ltpFR2	13	n/a	n/a	n/a	25	23	5	8	9
3478700	PROB	n/a	LTP301	ltpFR2	13	n/a	n/a	n/a	25	20	3	8	9
3482120	PROB	n/a	LTP301	ltpFR2	13	n/a	n/a	n/a	25	12	6	4	2
3484021	PROB	n/a	LTP301	ltpFR2	13	n/a	n/a	n/a	25	17	7	7	3
3488858	STOP	n/a	LTP301	ltpFR2	13	n/a	n/a	n/a	25	n/a	n/a	n/a	n/a
3489726	WORD	wordpools/wasnorm_wordpool_576.txt	LTP301	ltpFR2	13	17	STONE	1385	n/a	n/a	0	0	0
3492313	WORD	wordpools/wasnorm_wordpool_576.txt	LTP301	ltpFR2	13	17	RIFLE	1192	n/a	n/a	0	0	0
3494796	WORD	wordpools/wasnorm_wordpool_576.txt	LTP301	ltpFR2	13	17	PISTOL	1075	n/a	n/a	0	0	0
3497499	WORD	wordpools/wasnorm_wordpool_576.txt	LTP301	ltpFR2	13	17	BREAST	171	n/a	n/a	0	0	0
3500068	WORD	wordpools/wasnorm_wordpool_576.txt	LTP301	ltpFR2	13	17	GUARD	667	n/a	n/a	0	0	0
3502769	WORD	wordpools/wasnorm_wordpool_576.txt	LTP301	ltpFR2	13	17	BROOK	177	n/a	n/a	0	0	0
3505306	WORD	wordpools/wasnorm_wordpool_576.txt	LTP301	ltpFR2	13	17	BATHTUB	100	n/a	n/a	0	0	0
3508042	WORD	wordpools/wasnorm_wordpool_576.txt	LTP301	ltpFR2	13	17	POPCORN	1104	n/a	n/a	0	0	0
3510676	WORD	wordpools/wasnorm_wordpool_576.txt	LTP301	ltpFR2	13	17	MACHINE	852	n/a	n/a	0	0	0
3513412	WORD	wordpools/wasnorm_wordpool_576.txt	LTP301	ltpFR2	13	17	COOK	372	n/a	n/a	0	0	0
3516048	WORD	wordpools/wasnorm_wordpool_576.txt	LTP301	ltpFR2	13	17	RADISH	1158	n/a	n/a	0	0	0
3518531	WORD	wordpools/wasnorm_wordpool_576.txt	LTP301	ltpFR2	13	17	GARDEN	623	n/a	n/a	0	0	0
3520984	WORD	wordpools/wasnorm_wordpool_576.txt	LTP301	ltpFR2	13	17	SHOVEL	1295	n/a	n/a	0	0	0
3523452	WORD	wordpools/wasnorm_wordpool_576.txt	LTP301	ltpFR2	13	17	BANKER	84	n/a	n/a	0	0	0
3525988	WORD	wordpools/wasnorm_wordpool_576.txt	LTP301	ltpFR2	13	17	COMET	353	n/a	n/a	0	0	0
3528706	WORD	wordpools/wasnorm_wordpool_576.txt	LTP301	ltpFR2	13	17	KETCHUP	771	n/a	n/a	0	0	0
3531342	WORD	wordpools/wasnorm_wordpool_576.txt	LTP301	ltpFR2	13	17	TOASTER	1472	n/a	n/a	0	0	0
3533860	WORD	wordpools/wasnorm_wordpool_576.txt	LTP301	ltpFR2	13	17	LOFT	840	n/a	n/a	0	0	0
3536596	WORD	wordpools/wasnorm_wordpool_576.txt	LTP301	ltpFR2	13	17	UNCLE	1536	n/a	n/a	0	0	0
3539148	WORD	wordpools/wasnorm_wordpool_576.txt	LTP301	ltpFR2	13	17	LAGOON	795	n/a	n/a	0	0	0
3541885	WORD	wordpools/wasnorm_wordpool_576.txt	LTP301	ltpFR2	13	17	GREASE	660	n/a	n/a	0	0	0
3544485	WORD	wordpools/wasnorm_wordpool_576.txt	LTP301	ltpFR2	13	17	ARM	38	n/a	n/a	0	0	0
3547255	WORD	wordpools/wasnorm_wordpool_576.txt	LTP301	ltpFR2	13	17	ANKLE	24	n/a	n/a	0	0	0
3549872	WORD	wordpools/wasnorm_wordpool_576.txt	LTP301	ltpFR2	13	17	SALAD	1224	n/a	n/a	0	0	0
3551476	START	n/a	LTP301	ltpFR2	13	n/a	n/a	n/a	26	n/a	n/a	n/a	n/a
3552333	DISTRACTOR	n/a	LTP301	ltpFR2	13	17	n/a	n/a	n/a	n/a	0	0	0
3552342	PROB	n/a	LTP301	ltpFR2	13	n/a	n/a	n/a	26	9	2	1	6
3555228	PROB	n/a	LTP301	ltpFR2	13	n/a	n/a	n/a	26	17	8	2	7
3557627	PROB	n/a	LTP301	ltpFR2	13	n/a	n/a	n/a	26	16	7	1	8
3559479	PROB	n/a	LTP301	ltpFR2	13	n/a	n/a	n/a	26	13	3	6	4
3562316	PROB	n/a	LTP301	ltpFR2	13	n/a	n/a	n/a	26	18	1	8	9
3564783	PROB	n/a	LTP301	ltpFR2	13	n/a	n/a	n/a	26	15	1	6	8
3568853	PROB	n/a	LTP301	ltpFR2	13	n/a	n/a	n/a	26	19	9	8	2
3570688	PROB	n/a	LTP301	ltpFR2	13	n/a	n/a	n/a	26	17	7	2	8
3572689	PROB	n/a	LTP301	ltpFR2	13	n/a	n/a	n/a	26	21	9	9	3
3575211	STOP	n/a	LTP301	ltpFR2	13	n/a	n/a	n/a	26	n/a	n/a	n/a	n/a
3577228	REC_START	n/a	LTP301	ltpFR2	13	17	n/a	n/a	n/a	n/a	0	0	0
3578045	REC_WORD	wordpools/wasnorm_wordpool_576.txt	LTP301	ltpFR2	13	17	BANKER	84	n/a	n/a	0	0	0
3579280	REC_WORD	wordpools/wasnorm_wordpool_576.txt	LTP301	ltpFR2	13	17	STONE	1385	n/a	n/a	0	0	0
3580215	REC_WORD	wordpools/wasnorm_wordpool_576.txt	LTP301	ltpFR2	13	17	RIFLE	1192	n/a	n/a	0	0	0
3581590	REC_WORD	wordpools/wasnorm_wordpool_576.txt	LTP301	ltpFR2	13	17	PISTOL	1075	n/a	n/a	0	0	0
3583124	REC_WORD	wordpools/wasnorm_wordpool_576.txt	LTP301	ltpFR2	13	17	UNCLE	1536	n/a	n/a	0	0	0
3602716	REC_WORD	wordpools/wasnorm_wordpool_576.txt	LTP301	ltpFR2	13	17	COMET	353	n/a	n/a	0	0	0
3667640	DISTRACTOR	n/a	LTP301	ltpFR2	13	18	n/a	n/a	n/a	n/a	0	0	0
3667640	START	n/a	LTP301	ltpFR2	13	n/a	n/a	n/a	27	n/a	n/a	n/a	n/a
3667657	PROB	n/a	LTP301	ltpFR2	13	n/a	n/a	n/a	27	20	4	9	7
3671615	PROB	n/a	LTP301	ltpFR2	13	n/a	n/a	n/a	27	15	5	3	7
3673383	PROB	n/a	LTP301	ltpFR2	13	n/a	n/a	n/a	27	13	4	7	2
3676769	PROB	n/a	LTP301	ltpFR2	13	n/a	n/a	n/a	27	18	7	4	7
3679471	PROB	n/a	LTP301	ltpFR2	13	n/a	n/a	n/a	27	17	2	6	9
3685743	PROB	n/a	LTP301	ltpFR2	13	n/a	n/a	n/a	27	14	7	3	4
3687778	PROB	n/a	LTP301	ltpFR2	13	n/a	n/a	n/a	27	16	8	2	6
3691355	STOP	n/a	LTP301	ltpFR2	13	n/a	n/a	n/a	27	n/a	n/a	n/a	n/a
3692514	WORD	wordpools/wasnorm_wordpool_576.txt	LTP301	ltpFR2	13	18	MARROW	872	n/a	n/a	0	0	0
3695264	WORD	wordpools/wasnorm_wordpool_576.txt	LTP301	ltpFR2	13	18	FLESH	579	n/a	n/a	0	0	0
3698002	WORD	wordpools/wasnorm_wordpool_576.txt	LTP301	ltpFR2	13	18	SCALLOP	1242	n/a	n/a	0	0	0
3700450	WORD	wordpools/wasnorm_wordpool_576.txt	LTP301	ltpFR2	13	18	COD	340	n/a	n/a	0	0	0
3703003	WORD	wordpools/wasnorm_wordpool_576.txt	LTP301	ltpFR2	13	18	NIGHTGOWN	953	n/a	n/a	0	0	0
3705521	WORD	wordpools/wasnorm_wordpool_576.txt	LTP301	ltpFR2	13	18	VALVE	1546	n/a	n/a	0	0	0
3707993	WORD	wordpools/wasnorm_wordpool_576.txt	LTP301	ltpFR2	13	18	CRAYON	401	n/a	n/a	0	0	0
3710709	WORD	wordpools/wasnorm_wordpool_576.txt	LTP301	ltpFR2	13	18	GYMNAST	675	n/a	n/a	0	0	0
3713478	WORD	wordpools/wasnorm_wordpool_576.txt	LTP301	ltpFR2	13	18	HIGHWAY	707	n/a	n/a	0	0	0
3716150	WORD	wordpools/wasnorm_wordpool_576.txt	LTP301	ltpFR2	13	18	MEDAL	885	n/a	n/a	0	0	0
3718833	WORD	wordpools/wasnorm_wordpool_576.txt	LTP301	ltpFR2	13	18	PUDDING	1139	n/a	n/a	0	0	0
3721302	WORD	wordpools/wasnorm_wordpool_576.txt	LTP301	ltpFR2	13	18	BACKBONE	66	n/a	n/a	0	0	0
3723954	WORD	wordpools/wasnorm_wordpool_576.txt	LTP301	ltpFR2	13	18	DRESSER	496	n/a	n/a	0	0	0
3726690	WORD	wordpools/wasnorm_wordpool_576.txt	LTP301	ltpFR2	13	18	JUGGLER	763	n/a	n/a	0	0	0
3729376	WORD	wordpools/wasnorm_wordpool_576.txt	LTP301	ltpFR2	13	18	MUSTARD	935	n/a	n/a	0	0	0
3731960	WORD	wordpools/wasnorm_wordpool_576.txt	LTP301	ltpFR2	13	18	PILOT	1070	n/a	n/a	0	0	0
3734496	WORD	wordpools/wasnorm_wordpool_576.txt	LTP301	ltpFR2	13	18	AIRPLANE	12	n/a	n/a	0	0	0
3737249	WORD	wordpools/wasnorm_wordpool_576.txt	LTP301	ltpFR2	13	18	ANTLER	29	n/a	n/a	0	0	0
3739834	WORD	wordpools/wasnorm_wordpool_576.txt	LTP301	ltpFR2	13	18	LIVER	833	n/a	n/a	0	0	0
3742602	WORD	wordpools/wasnorm_wordpool_576.txt	LTP301	ltpFR2	13	18	ORCHID	982	n/a	n/a	0	0	0
3745221	WORD	wordpools/wasnorm_wordpool_576.txt	LTP301	ltpFR2	13	18	MAILMAN	858	n/a	n/a	0	0	0
3747790	WORD	wordpools/wasnorm_wordpool_576.txt	LTP301	ltpFR2	13	18	STAMP	1370	n/a	n/a	0	0	0
3750508	WORD	wordpools/wasnorm_wordpool_576.txt	LTP301	ltpFR2	13	18	PLATE	1086	n/a	n/a	0	0	0
3753228	WORD	wordpools/wasnorm_wordpool_576.txt	LTP301	ltpFR2	13	18	CHAUFFEUR	283	n/a	n/a	0	0	0
3754846	START	n/a	LTP301	ltpFR2	13	n/a	n/a	n/a	28	n/a	n/a	n/a	n/a
3755747	DISTRACTOR	n/a	LTP301	ltpFR2	13	18	n/a	n/a	n/a	n/a	0	0	0
3755762	PROB	n/a	LTP301	ltpFR2	13	n/a	n/a	n/a	28	13	3	5	5
3758915	PROB	n/a	LTP301	ltpFR2	13	n/a	n/a	n/a	28	22	9	9	4
3761416	PROB	n/a	LTP301	ltpFR2	13	n/a	n/a	n/a	28	18	3	9	6
3766754	PROB	n/a	LTP301	ltpFR2	13	n/a	n/a	n/a	28	16	7	1	8
3769257	PROB	n/a	LTP301	ltpFR2	13	n/a	n/a	n/a	28	11	2	3	6
3771908	PROB	n/a	LTP301	ltpFR2	13	n/a	n/a	n/a	28	18	9	2	7
3774160	PROB	n/a	LTP301	ltpFR2	13	n/a	n/a	n/a	28	8	1	3	4
3776313	PROB	n/a	LTP301	ltpFR2	13	n/a	n/a	n/a	28	14	7	2	5
3778299	STOP	n/a	LTP301	ltpFR2	13	n/a	n/a	n/a	28	n/a	n/a	n/a	n/a
3780733	REC_START	n/a	LTP301	ltpFR2	13	18	n/a	n/a	n/a	n/a	0	0	0
3781325	REC_WORD	wordpools/wasnorm_wordpool_576.txt	LTP301	ltpFR2	13	18	ANTLER	29	n/a	n/a	0	0	0
3782384	REC_WORD	wordpools/wasnorm_wordpool_576.txt	LTP301	ltpFR2	13	18	LIVER	833	n/a	n/a	0	0	0
3783399	REC_WORD	wordpools/wasnorm_wordpool_576.txt	LTP301	ltpFR2	13	18	PLATE	1086	n/a	n/a	0	0	0
3784732	REC_WORD	wordpools/wasnorm_wordpool_576.txt	LTP301	ltpFR2	13	18	CHAUFFEUR	283	n/a	n/a	0	0	0
3839460	REC_WORD_VV	wordpools/wasnorm_wordpool_576.txt	LTP301	ltpFR2	13	18	<>	-1	n/a	n/a	0	0	0
3871169	WORD	wordpools/wasnorm_wordpool_576.txt	LTP301	ltpFR2	13	19	SODA	1341	n/a	n/a	0	0	0
3873619	WORD	wordpools/wasnorm_wordpool_576.txt	LTP301	ltpFR2	13	19	THIEF	1456	n/a	n/a	0	0	0
3876173	WORD	wordpools/wasnorm_wordpool_576.txt	LTP301	ltpFR2	13	19	FRAGRANCE	599	n/a	n/a	0	0	0
3878840	WORD	wordpools/wasnorm_wordpool_576.txt	LTP301	ltpFR2	13	19	FIREMAN	569	n/a	n/a	0	0	0
3881551	WORD	wordpools/wasnorm_wordpool_576.txt	LTP301	ltpFR2	13	19	DRAGON	492	n/a	n/a	0	0	0
3884003	WORD	wordpools/wasnorm_wordpool_576.txt	LTP301	ltpFR2	13	19	SCISSORS	1250	n/a	n/a	0	0	0
3886672	WORD	wordpools/wasnorm_wordpool_576.txt	LTP301	ltpFR2	13	19	GHETTO	633	n/a	n/a	0	0	0
3889359	WORD	wordpools/wasnorm_wordpool_576.txt	LTP301	ltpFR2	13	19	FIDDLE	561	n/a	n/a	0	0	0
3892145	WORD	wordpools/wasnorm_wordpool_576.txt	LTP301	ltpFR2	13	19	SPOON	1357	n/a	n/a	0	0	0
3894595	WORD	wordpools/wasnorm_wordpool_576.txt	LTP301	ltpFR2	13	19	ELBOW	520	n/a	n/a	0	0	0
3897255	WORD	wordpools/wasnorm_wordpool_576.txt	LTP301	ltpFR2	13	19	FLOWER	584	n/a	n/a	0	0	0
3899917	WORD	wordpools/wasnorm_wordpool_576.txt	LTP301	ltpFR2	13	19	PEDAL	1037	n/a	n/a	0	0	0
3902336	WORD	wordpools/wasnorm_wordpool_576.txt	LTP301	ltpFR2	13	19	GARLIC	624	n/a	n/a	0	0	0
3904926	WORD	wordpools/wasnorm_wordpool_576.txt	LTP301	ltpFR2	13	19	PERMIT	1051	n/a	n/a	0	0	0
3907740	WORD	wordpools/wasnorm_wordpool_576.txt	LTP301	ltpFR2	13	19	CABIN	211	n/a	n/a	0	0	0
3910425	WORD	wordpools/wasnorm_wordpool_576.txt	LTP301	ltpFR2	13	19	STAKE	1368	n/a	n/a	0	0	0
3912894	WORD	wordpools/wasnorm_wordpool_576.txt	LTP301	ltpFR2	13	19	BLADE	134	n/a	n/a	0	0	0
3915363	WORD	wordpools/wasnorm_wordpool_576.txt	LTP301	ltpFR2	13	19	TROUT	1511	n/a	n/a	0	0	0
3917832	WORD	wordpools/wasnorm_wordpool_576.txt	LTP301	ltpFR2	13	19	FLIPPER	580	n/a	n/a	0	0	0
3920256	WORD	wordpools/wasnorm_wordpool_576.txt	LTP301	ltpFR2	13	19	SADDLE	1221	n/a	n/a	0	0	0
3922936	WORD	wordpools/wasnorm_wordpool_576.txt	LTP301	ltpFR2	13	19	THREAD	1460	n/a	n/a	0	0	0
3925526	WORD	wordpools/wasnorm_wordpool_576.txt	LTP301	ltpFR2	13	19	STICKER	1382	n/a	n/a	0	0	0
3927990	WORD	wordpools/wasnorm_wordpool_576.txt	LTP301	ltpFR2	13	19	APPLE	33	n/a	n/a	0	0	0
3930542	WORD	wordpools/wasnorm_wordpool_576.txt	LTP301	ltpFR2	13	19	FIREPLACE	570	n/a	n/a	0	0	0
3932149	START	n/a	LTP301	ltpFR2	13	n/a	n/a	n/a	29	n/a	n/a	n/a	n/a
3933043	DISTRACTOR	n/a	LTP301	ltpFR2	13	19	n/a	n/a	n/a	n/a	0	0	0
3933049	PROB	n/a	LTP301	ltpFR2	13	n/a	n/a	n/a	29	7	2	3	2
3936651	PROB	n/a	LTP301	ltpFR2	13	n/a	n/a	n/a	29	18	5	7	6
3939219	PROB	n/a	LTP301	ltpFR2	13	n/a	n/a	n/a	29	11	4	2	5
3942689	PROB	n/a	LTP301	ltpFR2	13	n/a	n/a	n/a	29	16	8	4	4
3944775	PROB	n/a	LTP301	ltpFR2	13	n/a	n/a	n/a	29	21	8	9	5
3948095	PROB	n/a	LTP301	ltpFR2	13	n/a	n/a	n/a	29	15	5	5	5
3949793	PROB	n/a	LTP301	ltpFR2	13	n/a	n/a	n/a	29	12	1	2	9
3951642	PROB	n/a	LTP301	ltpFR2	13	n/a	n/a	n/a	29	133	4	7	2
3956149	STOP	n/a	LTP301	ltpFR2	13	n/a	n/a	n/a	29	n/a	n/a	n/a	n/a
3958031	REC_START	n/a	LTP301	ltpFR2	13	19	n/a	n/a	n/a	n/a	0	0	0
3960298	REC_WORD	wordpools/wasnorm_wordpool_576.txt	LTP301	ltpFR2	13	19	SODA	1341	n/a	n/a	0	0	0
3993503	REC_WORD	wordpools/wasnorm_wordpool_576.txt	LTP301	ltpFR2	13	19	ANGLE	-1	n/a	n/a	0	0	0
4048470	WORD	wordpools/wasnorm_wordpool_576.txt	LTP301	ltpFR2	13	20	HARP	689	n/a	n/a	0	0	0
4051273	WORD	wordpools/wasnorm_wordpool_576.txt	LTP301	ltpFR2	13	20	ULCER	1533	n/a	n/a	0	0	0
4053807	WORD	wordpools/wasnorm_wordpool_576.txt	LTP301	ltpFR2	13	20	RELISH	1183	n/a	n/a	0	0	0
4056331	WORD	wordpools/wasnorm_wordpool_576.txt	LTP301	ltpFR2	13	20	ACTRESS	6	n/a	n/a	0	0	0
4058843	WORD	wordpools/wasnorm_wordpool_576.txt	LTP301	ltpFR2	13	20	CEILING	265	n/a	n/a	0	0	0
4061530	WORD	wordpools/wasnorm_wordpool_576.txt	LTP301	ltpFR2	13	20	QUEEN	1149	n/a	n/a	0	0	0
4064048	WORD	wordpools/wasnorm_wordpool_576.txt	LTP301	ltpFR2	13	20	HORNET	718	n/a	n/a	0	0	0
4066655	WORD	wordpools/wasnorm_wordpool_576.txt	LTP301	ltpFR2	13	20	BROTHER	179	n/a	n/a	0	0	0
4069236	WORD	wordpools/wasnorm_wordpool_576.txt	LTP301	ltpFR2	13	20	PEBBLE	1035	n/a	n/a	0	0	0
4071904	WORD	wordpools/wasnorm_wordpool_576.txt	LTP301	ltpFR2	13	20	ROCKET	1202	n/a	n/a	0	0	0
4074673	WORD	wordpools/wasnorm_wordpool_576.txt	LTP301	ltpFR2	13	20	MISSILE	900	n/a	n/a	0	0	0
4077480	WORD	wordpools/wasnorm_wordpool_576.txt	LTP301	ltpFR2	13	20	BRANDY	169	n/a	n/a	0	0	0
4080262	WORD	wordpools/wasnorm_wordpool_576.txt	LTP301	ltpFR2	13	20	COCKTAIL	338	n/a	n/a	0	0	0
4083069	WORD	wordpools/wasnorm_wordpool_576.txt	LTP301	ltpFR2	13	20	FREEZER	604	n/a	n/a	0	0	0
4085814	WORD	wordpools/wasnorm_wordpool_576.txt	LTP301	ltpFR2	13	20	DENIM	446	n/a	n/a	0	0	0
4088424	WORD	wordpools/wasnorm_wordpool_576.txt	LTP301	ltpFR2	13	20	COUSIN	392	n/a	n/a	0	0	0
4091103	WORD	wordpools/wasnorm_wordpool_576.txt	LTP301	ltpFR2	13	20	BABY	64	n/a	n/a	0	0	0
4093554	WORD	wordpools/wasnorm_wordpool_576.txt	LTP301	ltpFR2	13	20	SEAGULL	1261	n/a	n/a	0	0	0
4096306	WORD	wordpools/wasnorm_wordpool_576.txt	LTP301	ltpFR2	13	20	JUDGE	761	n/a	n/a	0	0	0
4098957	WORD	wordpools/wasnorm_wordpool_576.txt	LTP301	ltpFR2	13	20	BRIEFCASE	175	n/a	n/a	0	0	0
4101427	WORD	wordpools/wasnorm_wordpool_576.txt	LTP301	ltpFR2	13	20	SHELTER	1282	n/a	n/a	0	0	0
4103886	WORD	wordpools/wasnorm_wordpool_576.txt	LTP301	ltpFR2	13	20	FLUTE	585	n/a	n/a	0	0	0
4106663	WORD	wordpools/wasnorm_wordpool_576.txt	LTP301	ltpFR2	13	20	SHORTS	1293	n/a	n/a	0	0	0
4109216	WORD	wordpools/wasnorm_wordpool_576.txt	LTP301	ltpFR2	13	20	FILM	565	n/a	n/a	0	0	0
4110825	START	n/a	LTP301	ltpFR2	13	n/a	n/a	n/a	30	n/a	n/a	n/a	n/a
4111633	DISTRACTOR	n/a	LTP301	ltpFR2	13	20	n/a	n/a	n/a	n/a	0	0	0
4111643	PROB	n/a	LTP301	ltpFR2	13	n/a	n/a	n/a	30	18	4	5	9
4116420	PROB	n/a	LTP301	ltpFR2	13	n/a	n/a	n/a	30	15	6	3	6
4119608	PROB	n/a	LTP301	ltpFR2	13	n/a	n/a	n/a	30	19	5	8	6
4124426	PROB	n/a	LTP301	ltpFR2	13	n/a	n/a	n/a	30	14	6	5	3
4127713	PROB	n/a	LTP301	ltpFR2	13	n/a	n/a	n/a	30	19	9	9	1
4134825	STOP	n/a	LTP301	ltpFR2	13	n/a	n/a	n/a	30	n/a	n/a	n/a	n/a
4136571	REC_START	n/a	LTP301	ltpFR2	13	20	n/a	n/a	n/a	n/a	0	0	0
4139114	REC_WORD	wordpools/wasnorm_wordpool_576.txt	LTP301	ltpFR2	13	20	BRIEFCASE	175	n/a	n/a	0	0	0
4155324	REC_WORD	wordpools/wasnorm_wordpool_576.txt	LTP301	ltpFR2	13	20	QUEEN	1149	n/a	n/a	0	0	0
4157411	REC_WORD	wordpools/wasnorm_wordpool_576.txt	LTP301	ltpFR2	13	20	HORNET	718	n/a	n/a	0	0	0
4159345	REC_WORD	wordpools/wasnorm_wordpool_576.txt	LTP301	ltpFR2	13	20	MISSILE	900	n/a	n/a	0	0	0
4160386	REC_WORD	wordpools/wasnorm_wordpool_576.txt	LTP301	ltpFR2	13	20	ROCKET	1202	n/a	n/a	0	0	0
4183825	REC_WORD	wordpools/wasnorm_wordpool_576.txt	LTP301	ltpFR2	13	20	BRANDY	169	n/a	n/a	0	0	0
4227024	WORD	wordpools/wasnorm_wordpool_576.txt	LTP301	ltpFR2	13	21	CHEST	295	n/a	n/a	0	0	0
4229791	WORD	wordpools/wasnorm_wordpool_576.txt	LTP301	ltpFR2	13	21	TWEEZERS	1526	n/a	n/a	0	0	0
4232610	WORD	wordpools/wasnorm_wordpool_576.txt	LTP301	ltpFR2	13	21	WIFE	1609	n/a	n/a	0	0	0
4235412	WORD	wordpools/wasnorm_wordpool_576.txt	LTP301	ltpFR2	13	21	HUSBAND	728	n/a	n/a	0	0	0
4238032	WORD	wordpools/wasnorm_wordpool_576.txt	LTP301	ltpFR2	13	21	ARMY	39	n/a	n/a	0	0	0
4240716	WORD	wordpools/wasnorm_wordpool_576.txt	LTP301	ltpFR2	13	21	FLEET	578	n/a	n/a	0	0	0
4243352	WORD	wordpools/wasnorm_wordpool_576.txt	LTP301	ltpFR2	13	21	GRILL	661	n/a	n/a	0	0	0
4246104	WORD	wordpools/wasnorm_wordpool_576.txt	LTP301	ltpFR2	13	21	PASTA	1021	n/a	n/a	0	0	0
4248722	WORD	wordpools/wasnorm_wordpool_576.txt	LTP301	ltpFR2	13	21	FINGER	567	n/a	n/a	0	0	0
4251258	WORD	wordpools/wasnorm_wordpool_576.txt	LTP301	ltpFR2	13	21	CYCLONE	431	n/a	n/a	0	0	0
4253744	WORD	wordpools/wasnorm_wordpool_576.txt	LTP301	ltpFR2	13	21	TOURIST	1488	n/a	n/a	0	0	0
4256512	WORD	wordpools/wasnorm_wordpool_576.txt	LTP301	ltpFR2	13	21	POSTAGE	1113	n/a	n/a	0	0	0
4258982	WORD	wordpools/wasnorm_wordpool_576.txt	LTP301	ltpFR2	13	21	TAXI	1438	n/a	n/a	0	0	0
4261481	WORD	wordpools/wasnorm_wordpool_576.txt	LTP301	ltpFR2	13	21	SCOTCH	1251	n/a	n/a	0	0	0
4263917	WORD	wordpools/wasnorm_wordpool_576.txt	LTP301	ltpFR2	13	21	LADY	794	n/a	n/a	0	0	0
4266469	WORD	wordpools/wasnorm_wordpool_576.txt	LTP301	ltpFR2	13	21	LUGGAGE	847	n/a	n/a	0	0	0
4269222	WORD	wordpools/wasnorm_wordpool_576.txt	LTP301	ltpFR2	13	21	CLOUD	328	n/a	n/a	0	0	0
4271990	WORD	wordpools/wasnorm_wordpool_576.txt	LTP301	ltpFR2	13	21	LABEL	790	n/a	n/a	0	0	0
4274491	WORD	wordpools/wasnorm_wordpool_576.txt	LTP301	ltpFR2	13	21	SUNRISE	1407	n/a	n/a	0	0	0
4277295	WORD	wordpools/wasnorm_wordpool_576.txt	LTP301	ltpFR2	13	21	MAILBOX	857	n/a	n/a	0	0	0
4279846	WORD	wordpools/wasnorm_wordpool_576.txt	LTP301	ltpFR2	13	21	CUPBOARD	425	n/a	n/a	0	0	0
4282299	WORD	wordpools/wasnorm_wordpool_576.txt	LTP301	ltpFR2	13	21	DANDRUFF	439	n/a	n/a	0	0	0
4284953	WORD	wordpools/wasnorm_wordpool_576.txt	LTP301	ltpFR2	13	21	PASSAGE	1019	n/a	n/a	0	0	0
4287372	WORD	wordpools/wasnorm_wordpool_576.txt	LTP301	ltpFR2	13	21	AIRPORT	13	n/a	n/a	0	0	0
4288986	START	n/a	LTP301	ltpFR2	13	n/a	n/a	n/a	31	n/a	n/a	n/a	n/a
4290066	DISTRACTOR	n/a	LTP301	ltpFR2	13	21	n/a	n/a	n/a	n/a	0	0	0
4290072	PROB	n/a	LTP301	ltpFR2	13	n/a	n/a	n/a	31	19	2	8	9
4293139	PROB	n/a	LTP301	ltpFR2	13	n/a	n/a	n/a	31	13	7	5	1
4301195	PROB	n/a	LTP301	ltpFR2	13	n/a	n/a	n/a	31	13	4	3	6
4303314	PROB	n/a	LTP301	ltpFR2	13	n/a	n/a	n/a	31	9	3	3	3
4304766	PROB	n/a	LTP301	ltpFR2	13	n/a	n/a	n/a	31	24	8	9	9
4307083	PROB	n/a	LTP301	ltpFR2	13	n/a	n/a	n/a	31	9	6	2	1
4311770	STOP	n/a	LTP301	ltpFR2	13	n/a	n/a	n/a	31	n/a	n/a	n/a	n/a
4314756	REC_START	n/a	LTP301	ltpFR2	13	21	n/a	n/a	n/a	n/a	0	0	0
4315454	REC_WORD	wordpools/wasnorm_wordpool_576.txt	LTP301	ltpFR2	13	21	POSTAGE	1113	n/a	n/a	0	0	0
4317558	REC_WORD	wordpools/wasnorm_wordpool_576.txt	LTP301	ltpFR2	13	21	MAILMAN	858	n/a	n/a	0	0	0
4319891	REC_WORD	wordpools/wasnorm_wordpool_576.txt	LTP301	ltpFR2	13	21	LUGGAGE	847	n/a	n/a	0	0	0
4405187	WORD	wordpools/wasnorm_wordpool_576.txt	LTP301	ltpFR2	13	22	SANDWICH	1232	n/a	n/a	0	0	0
4407927	WORD	wordpools/wasnorm_wordpool_576.txt	LTP301	ltpFR2	13	22	MOP	916	n/a	n/a	0	0	0
4410641	WORD	wordpools/wasnorm_wordpool_576.txt	LTP301	ltpFR2	13	22	DUSTPAN	509	n/a	n/a	0	0	0
4413295	WORD	wordpools/wasnorm_wordpool_576.txt	LTP301	ltpFR2	13	22	ISLAND	745	n/a	n/a	0	0	0
4415728	WORD	wordpools/wasnorm_wordpool_576.txt	LTP301	ltpFR2	13	22	THRONE	1461	n/a	n/a	0	0	0
4418219	WORD	wordpools/wasnorm_wordpool_576.txt	LTP301	ltpFR2	13	22	VELVET	1555	n/a	n/a	0	0	0
4420719	WORD	wordpools/wasnorm_wordpool_576.txt	LTP301	ltpFR2	13	22	FLAG	573	n/a	n/a	0	0	0
4423169	WORD	wordpools/wasnorm_wordpool_576.txt	LTP301	ltpFR2	13	22	WARDROBE	1587	n/a	n/a	0	0	0
4425853	WORD	wordpools/wasnorm_wordpool_576.txt	LTP301	ltpFR2	13	22	COSTUME	383	n/a	n/a	0	0	0
4428656	WORD	wordpools/wasnorm_wordpool_576.txt	LTP301	ltpFR2	13	22	KNIFE	785	n/a	n/a	0	0	0
4431176	WORD	wordpools/wasnorm_wordpool_576.txt	LTP301	ltpFR2	13	22	PLASTER	1085	n/a	n/a	0	0	0
4433844	WORD	wordpools/wasnorm_wordpool_576.txt	LTP301	ltpFR2	13	22	SHARK	1275	n/a	n/a	0	0	0
4436495	WORD	wordpools/wasnorm_wordpool_576.txt	LTP301	ltpFR2	13	22	JAPAN	749	n/a	n/a	0	0	0
4439166	WORD	wordpools/wasnorm_wordpool_576.txt	LTP301	ltpFR2	13	22	CAMEL	223	n/a	n/a	0	0	0
4441884	WORD	wordpools/wasnorm_wordpool_576.txt	LTP301	ltpFR2	13	22	GAZELLE	628	n/a	n/a	0	0	0
4444304	WORD	wordpools/wasnorm_wordpool_576.txt	LTP301	ltpFR2	13	22	RAZOR	1171	n/a	n/a	0	0	0
4446855	WORD	wordpools/wasnorm_wordpool_576.txt	LTP301	ltpFR2	13	22	ROBIN	1199	n/a	n/a	0	0	0
4449508	WORD	wordpools/wasnorm_wordpool_576.txt	LTP301	ltpFR2	13	22	IGLOO	734	n/a	n/a	0	0	0
4452127	WORD	wordpools/wasnorm_wordpool_576.txt	LTP301	ltpFR2	13	22	COFFEE	341	n/a	n/a	0	0	0
4454711	WORD	wordpools/wasnorm_wordpool_576.txt	LTP301	ltpFR2	13	22	ROD	1203	n/a	n/a	0	0	0
4457396	WORD	wordpools/wasnorm_wordpool_576.txt	LTP301	ltpFR2	13	22	CAFE	216	n/a	n/a	0	0	0
4459849	WORD	wordpools/wasnorm_wordpool_576.txt	LTP301	ltpFR2	13	22	SUBWAY	1400	n/a	n/a	0	0	0
4462618	WORD	wordpools/wasnorm_wordpool_576.txt	LTP301	ltpFR2	13	22	GRIZZLY	662	n/a	n/a	0	0	0
4465404	WORD	wordpools/wasnorm_wordpool_576.txt	LTP301	ltpFR2	13	22	OMELET	976	n/a	n/a	0	0	0
4467022	START	n/a	LTP301	ltpFR2	13	n/a	n/a	n/a	32	n/a	n/a	n/a	n/a
4468090	DISTRACTOR	n/a	LTP301	ltpFR2	13	22	n/a	n/a	n/a	n/a	0	0	0
4468107	PROB	n/a	LTP301	ltpFR2	13	n/a	n/a	n/a	32	13	2	5	6
4470659	PROB	n/a	LTP301	ltpFR2	13	n/a	n/a	n/a	32	20	4	7	9
4473592	PROB	n/a	LTP301	ltpFR2	13	n/a	n/a	n/a	32	22	7	8	7
4476179	PROB	n/a	LTP301	ltpFR2	13	n/a	n/a	n/a	32	16	8	5	3
4478663	PROB	n/a	LTP301	ltpFR2	13	n/a	n/a	n/a	32	4	2	1	1
4480415	PROB	n/a	LTP301	ltpFR2	13	n/a	n/a	n/a	32	6	2	1	3
4483101	PROB	n/a	LTP301	ltpFR2	13	n/a	n/a	n/a	32	11	9	1	1
4484702	PROB	n/a	LTP301	ltpFR2	13	n/a	n/a	n/a	32	11	5	2	4
4486504	PROB	n/a	LTP301	ltpFR2	13	n/a	n/a	n/a	32	17	5	5	7
4490075	STOP	n/a	LTP301	ltpFR2	13	n/a	n/a	n/a	32	n/a	n/a	n/a	n/a
4492876	REC_START	n/a	LTP301	ltpFR2	13	22	n/a	n/a	n/a	n/a	0	0	0
4493534	REC_WORD	wordpools/wasnorm_wordpool_576.txt	LTP301	ltpFR2	13	22	JAPAN	749	n/a	n/a	0	0	0
4494649	REC_WORD	wordpools/wasnorm_wordpool_576.txt	LTP301	ltpFR2	13	22	GAZELLE	628	n/a	n/a	0	0	0
4497323	REC_WORD	wordpools/wasnorm_wordpool_576.txt	LTP301	ltpFR2	13	22	GRIZZLY	662	n/a	n/a	0	0	0
4583295	DISTRACTOR	n/a	LTP301	ltpFR2	13	23	n/a	n/a	n/a	n/a	0	0	0
4583295	START	n/a	LTP301	ltpFR2	13	n/a	n/a	n/a	33	n/a	n/a	n/a	n/a
4583312	PROB	n/a	LTP301	ltpFR2	13	n/a	n/a	n/a	33	16	8	4	4
4585963	PROB	n/a	LTP301	ltpFR2	13	n/a	n/a	n/a	33	13	7	3	3
4588181	PROB	n/a	LTP301	ltpFR2	13	n/a	n/a	n/a	33	16	6	2	8
4590399	PROB	n/a	LTP301	ltpFR2	13	n/a	n/a	n/a	33	19	5	6	8
4595086	PROB	n/a	LTP301	ltpFR2	13	n/a	n/a	n/a	33	19	8	6	5
4600190	PROB	n/a	LTP301	ltpFR2	13	n/a	n/a	n/a	33	17	4	4	9
4603310	PROB	n/a	LTP301	ltpFR2	13	n/a	n/a	n/a	33	15	2	8	5
4607294	STOP	n/a	LTP301	ltpFR2	13	n/a	n/a	n/a	33	n/a	n/a	n/a	n/a
4608513	WORD	wordpools/wasnorm_wordpool_576.txt	LTP301	ltpFR2	13	23	WOMAN	1620	n/a	n/a	0	0	0
4611226	WORD	wordpools/wasnorm_wordpool_576.txt	LTP301	ltpFR2	13	23	CURTAIN	427	n/a	n/a	0	0	0
4613700	WORD	wordpools/wasnorm_wordpool_576.txt	LTP301	ltpFR2	13	23	SHOULDER	1294	n/a	n/a	0	0	0
4616380	WORD	wordpools/wasnorm_wordpool_576.txt	LTP301	ltpFR2	13	23	LEG	809	n/a	n/a	0	0	0
4619023	WORD	wordpools/wasnorm_wordpool_576.txt	LTP301	ltpFR2	13	23	BISON	131	n/a	n/a	0	0	0
4621750	WORD	wordpools/wasnorm_wordpool_576.txt	LTP301	ltpFR2	13	23	POSSUM	1112	n/a	n/a	0	0	0
4624187	WORD	wordpools/wasnorm_wordpool_576.txt	LTP301	ltpFR2	13	23	CAPTIVE	240	n/a	n/a	0	0	0
4626905	WORD	wordpools/wasnorm_wordpool_576.txt	LTP301	ltpFR2	13	23	FEMALE	559	n/a	n/a	0	0	0
4629673	WORD	wordpools/wasnorm_wordpool_576.txt	LTP301	ltpFR2	13	23	TABLET	1427	n/a	n/a	0	0	0
4632210	WORD	wordpools/wasnorm_wordpool_576.txt	LTP301	ltpFR2	13	23	DORM	488	n/a	n/a	0	0	0
4634978	WORD	wordpools/wasnorm_wordpool_576.txt	LTP301	ltpFR2	13	23	GIFT	635	n/a	n/a	0	0	0
4637614	WORD	wordpools/wasnorm_wordpool_576.txt	LTP301	ltpFR2	13	23	CLIMBER	323	n/a	n/a	0	0	0
4640317	WORD	wordpools/wasnorm_wordpool_576.txt	LTP301	ltpFR2	13	23	REBEL	1172	n/a	n/a	0	0	0
4642785	WORD	wordpools/wasnorm_wordpool_576.txt	LTP301	ltpFR2	13	23	FUNGUS	614	n/a	n/a	0	0	0
4645325	WORD	wordpools/wasnorm_wordpool_576.txt	LTP301	ltpFR2	13	23	CRITIC	410	n/a	n/a	0	0	0
4648005	WORD	wordpools/wasnorm_wordpool_576.txt	LTP301	ltpFR2	13	23	POET	1095	n/a	n/a	0	0	0
4650808	WORD	wordpools/wasnorm_wordpool_576.txt	LTP301	ltpFR2	13	23	VALLEY	1545	n/a	n/a	0	0	0
4653609	WORD	wordpools/wasnorm_wordpool_576.txt	LTP301	ltpFR2	13	23	LADDER	793	n/a	n/a	0	0	0
4656067	WORD	wordpools/wasnorm_wordpool_576.txt	LTP301	ltpFR2	13	23	SIBLING	1301	n/a	n/a	0	0	0
4658785	WORD	wordpools/wasnorm_wordpool_576.txt	LTP301	ltpFR2	13	23	HOOK	715	n/a	n/a	0	0	0
4661583	WORD	wordpools/wasnorm_wordpool_576.txt	LTP301	ltpFR2	13	23	WINDOW	1611	n/a	n/a	0	0	0
4664136	WORD	wordpools/wasnorm_wordpool_576.txt	LTP301	ltpFR2	13	23	TRACTOR	1493	n/a	n/a	0	0	0
4666938	WORD	wordpools/wasnorm_wordpool_576.txt	LTP301	ltpFR2	13	23	HEADBAND	696	n/a	n/a	0	0	0
4669440	WORD	wordpools/wasnorm_wordpool_576.txt	LTP301	ltpFR2	13	23	CONTRACT	368	n/a	n/a	0	0	0
4671046	START	n/a	LTP301	ltpFR2	13	n/a	n/a	n/a	34	n/a	n/a	n/a	n/a
4672188	DISTRACTOR	n/a	LTP301	ltpFR2	13	23	n/a	n/a	n/a	n/a	0	0	0
4672192	PROB	n/a	LTP301	ltpFR2	13	n/a	n/a	n/a	34	14	3	4	7
4675261	PROB	n/a	LTP301	ltpFR2	13	n/a	n/a	n/a	34	17	7	6	4
4678546	PROB	n/a	LTP301	ltpFR2	13	n/a	n/a	n/a	34	13	1	6	6
4681049	PROB	n/a	LTP301	ltpFR2	13	n/a	n/a	n/a	34	20	5	8	7
4686338	PROB	n/a	LTP301	ltpFR2	13	n/a	n/a	n/a	34	13	1	6	6
4688340	PROB	n/a	LTP301	ltpFR2	13	n/a	n/a	n/a	34	19	8	4	7
4691359	PROB	n/a	LTP301	ltpFR2	13	n/a	n/a	n/a	34	11	4	2	5
4694818	STOP	n/a	LTP301	ltpFR2	13	n/a	n/a	n/a	34	n/a	n/a	n/a	n/a
4696912	REC_START	n/a	LTP301	ltpFR2	13	23	n/a	n/a	n/a	n/a	0	0	0
4697512	REC_WORD	wordpools/wasnorm_wordpool_576.txt	LTP301	ltpFR2	13	23	CONTRACT	368	n/a	n/a	0	0	0
4698729	REC_WORD	wordpools/wasnorm_wordpool_576.txt	LTP301	ltpFR2	13	23	HEADBAND	696	n/a	n/a	0	0	0
4787322	DISTRACTOR	n/a	LTP301	ltpFR2	13	24	n/a	n/a	n/a	n/a	0	0	0
4787322	START	n/a	LTP301	ltpFR2	13	n/a	n/a	n/a	35	n/a	n/a	n/a	n/a
4787339	PROB	n/a	LTP301	ltpFR2	13	n/a	n/a	n/a	35	19	7	4	8
4790902	PROB	n/a	LTP301	ltpFR2	13	n/a	n/a	n/a	35	13	9	1	3
4793289	PROB	n/a	LTP301	ltpFR2	13	n/a	n/a	n/a	35	15	3	3	9
4796223	PROB	n/a	LTP301	ltpFR2	13	n/a	n/a	n/a	35	13	1	3	9
4799607	PROB	n/a	LTP301	ltpFR2	13	n/a	n/a	n/a	35	19	8	5	6
4801610	PROB	n/a	LTP301	ltpFR2	13	n/a	n/a	n/a	35	15	3	7	5
4808015	PROB	n/a	LTP301	ltpFR2	13	n/a	n/a	n/a	35	6	1	3	2
4810219	STOP	n/a	LTP301	ltpFR2	13	n/a	n/a	n/a	35	n/a	n/a	n/a	n/a
4812409	WORD	wordpools/wasnorm_wordpool_576.txt	LTP301	ltpFR2	13	24	GARBAGE	622	n/a	n/a	0	0	0
4815003	WORD	wordpools/wasnorm_wordpool_576.txt	LTP301	ltpFR2	13	24	PRINCESS	1125	n/a	n/a	0	0	0
4817529	WORD	wordpools/wasnorm_wordpool_576.txt	LTP301	ltpFR2	13	24	STALLION	1369	n/a	n/a	0	0	0
4820149	WORD	wordpools/wasnorm_wordpool_576.txt	LTP301	ltpFR2	13	24	CLOCK	325	n/a	n/a	0	0	0
4822967	WORD	wordpools/wasnorm_wordpool_576.txt	LTP301	ltpFR2	13	24	MATTRESS	879	n/a	n/a	0	0	0
4825411	WORD	wordpools/wasnorm_wordpool_576.txt	LTP301	ltpFR2	13	24	SEAFOOD	1260	n/a	n/a	0	0	0
4827971	WORD	wordpools/wasnorm_wordpool_576.txt	LTP301	ltpFR2	13	24	UMPIRE	1535	n/a	n/a	0	0	0
4830549	WORD	wordpools/wasnorm_wordpool_576.txt	LTP301	ltpFR2	13	24	FOOTBALL	591	n/a	n/a	0	0	0
4833019	WORD	wordpools/wasnorm_wordpool_576.txt	LTP301	ltpFR2	13	24	TUTU	1524	n/a	n/a	0	0	0
4835694	WORD	wordpools/wasnorm_wordpool_576.txt	LTP301	ltpFR2	13	24	RECEIPT	1173	n/a	n/a	0	0	0
4838197	WORD	wordpools/wasnorm_wordpool_576.txt	LTP301	ltpFR2	13	24	POCKET	1093	n/a	n/a	0	0	0
4840908	WORD	wordpools/wasnorm_wordpool_576.txt	LTP301	ltpFR2	13	24	GUITAR	670	n/a	n/a	0	0	0
4843701	WORD	wordpools/wasnorm_wordpool_576.txt	LTP301	ltpFR2	13	24	CONCERT	360	n/a	n/a	0	0	0
4846411	WORD	wordpools/wasnorm_wordpool_576.txt	LTP301	ltpFR2	13	24	PORK	1108	n/a	n/a	0	0	0
4848963	WORD	wordpools/wasnorm_wordpool_576.txt	LTP301	ltpFR2	13	24	BUTCHER	203	n/a	n/a	0	0	0
4851516	WORD	wordpools/wasnorm_wordpool_576.txt	LTP301	ltpFR2	13	24	TURNIP	1521	n/a	n/a	0	0	0
4854185	WORD	wordpools/wasnorm_wordpool_576.txt	LTP301	ltpFR2	13	24	OYSTER	995	n/a	n/a	0	0	0
4856779	WORD	wordpools/wasnorm_wordpool_576.txt	LTP301	ltpFR2	13	24	CASHIER	254	n/a	n/a	0	0	0
4859265	WORD	wordpools/wasnorm_wordpool_576.txt	LTP301	ltpFR2	13	24	CASHEW	253	n/a	n/a	0	0	0
4861833	WORD	wordpools/wasnorm_wordpool_576.txt	LTP301	ltpFR2	13	24	SUNSET	1408	n/a	n/a	0	0	0
4864452	WORD	wordpools/wasnorm_wordpool_576.txt	LTP301	ltpFR2	13	24	STATUE	1374	n/a	n/a	0	0	0
4866887	WORD	wordpools/wasnorm_wordpool_576.txt	LTP301	ltpFR2	13	24	POWDER	1117	n/a	n/a	0	0	0
4869423	WORD	wordpools/wasnorm_wordpool_576.txt	LTP301	ltpFR2	13	24	HOSTESS	723	n/a	n/a	0	0	0
4871959	WORD	wordpools/wasnorm_wordpool_576.txt	LTP301	ltpFR2	13	24	DIME	466	n/a	n/a	0	0	0
4873566	START	n/a	LTP301	ltpFR2	13	n/a	n/a	n/a	36	n/a	n/a	n/a	n/a
4874449	DISTRACTOR	n/a	LTP301	ltpFR2	13	24	n/a	n/a	n/a	n/a	0	0	0
4874460	PROB	n/a	LTP301	ltpFR2	13	n/a	n/a	n/a	36	16	7	3	6
4876483	PROB	n/a	LTP301	ltpFR2	13	n/a	n/a	n/a	36	187	5	4	8
4879569	PROB	n/a	LTP301	ltpFR2	13	n/a	n/a	n/a	36	19	8	9	2
4881989	PROB	n/a	LTP301	ltpFR2	13	n/a	n/a	n/a	36	15	5	5	5
4884156	PROB	n/a	LTP301	ltpFR2	13	n/a	n/a	n/a	36	13	5	1	7
4886658	PROB	n/a	LTP301	ltpFR2	13	n/a	n/a	n/a	36	12	3	5	4
4889878	PROB	n/a	LTP301	ltpFR2	13	n/a	n/a	n/a	36	14	4	7	3
4891629	PROB	n/a	LTP301	ltpFR2	13	n/a	n/a	n/a	36	4	2	1	1
4892897	PROB	n/a	LTP301	ltpFR2	13	n/a	n/a	n/a	36	15	9	2	4
4895499	PROB	n/a	LTP301	ltpFR2	13	n/a	n/a	n/a	36	16	7	7	2
4897131	STOP	n/a	LTP301	ltpFR2	13	n/a	n/a	n/a	36	n/a	n/a	n/a	n/a
4899354	REC_START	n/a	LTP301	ltpFR2	13	24	n/a	n/a	n/a	n/a	0	0	0
4900296	REC_WORD	wordpools/wasnorm_wordpool_576.txt	LTP301	ltpFR2	13	24	POWDER	1117	n/a	n/a	0	0	0
4901706	REC_WORD	wordpools/wasnorm_wordpool_576.txt	LTP301	ltpFR2	13	24	HOSTESS	723	n/a	n/a	0	0	0
4903137	REC_WORD	wordpools/wasnorm_wordpool_576.txt	LTP301	ltpFR2	13	24	DIME	466	n/a	n/a	0	0	0
4904073	REC_WORD	wordpools/wasnorm_wordpool_576.txt	LTP301	ltpFR2	13	24	SUNSET	1408	n/a	n/a	0	0	0
4918003	REC_WORD	wordpools/wasnorm_wordpool_576.txt	LTP301	ltpFR2	13	24	GARBAGE	622	n/a	n/a	0	0	0
4921239	REC_WORD	wordpools/wasnorm_wordpool_576.txt	LTP301	ltpFR2	13	24	PRINCESS	1125	n/a	n/a	0	0	0
4979613	SESS_END	n/a	LTP301	ltpFR2	13	24	n/a	n/a	n/a	n/a	0	0	0
